Abroscopus albogularis_Mosquitero Carirrufo
Abroscopus superciliaris_Mosquitero Cejiblanco
Aburria aburri_Pava Aburria
Acanthagenys rufogularis_Mielero Golicanelo
Acanthis cabaret_Pardillo Alpino
Acanthis flammea_Pardillo Norteño
Acanthis hornemanni_Pardillo Ártico
Acanthiza chrysorrhoa_Acantiza Culigualda
Acanthiza pusilla_Acantiza Parda
Acanthorhynchus tenuirostris_Picoespina Oriental
Accipiter badius_Gavilán Chikra
Accipiter bicolor_Gavilán Bicolor
Accipiter cooperii_Gavilán de Cooper
Accipiter fasciatus_Azor Australiano
Accipiter gentilis_Azor Común
Accipiter nisus_Gavilán Común
Accipiter striatus_Gavilán Americano
Accipiter tachiro_Azor Tachiro
Acridotheres cristatellus_Miná Crestado
Acridotheres fuscus_Miná de La Jungla
Acridotheres tristis_Miná Común
Acris crepitans_Northern Cricket Frog
Acris gryllus_Southern Cricket Frog
Acrocephalus agricola_Carricero Agrícola
Acrocephalus arundinaceus_Carricero Tordal
Acrocephalus australis_Carricero Australiano
Acrocephalus bistrigiceps_Carricerín Cejinegro
Acrocephalus dumetorum_Carricero de Blyth
Acrocephalus gracilirostris_Carricero Picofino
Acrocephalus melanopogon_Carricerín Real
Acrocephalus orientalis_Carricero Oriental
Acrocephalus palustris_Carricero Políglota
Acrocephalus schoenobaenus_Carricerín Común
Acrocephalus scirpaceus_Carricero Común
Acrocephalus stentoreus_Carricero Estentóreo
Acropternis orthonyx_Tapaculo Ocelado
Actinodura strigula_Minla Colicastaña
Actitis hypoleucos_Andarríos Chico
Actitis macularius_Andarríos Maculado
Adelomyia melanogenys_Colibrí Jaspeado
Aechmophorus clarkii_Achichilique de Clark
Aechmophorus occidentalis_Achichilique Común
Aegithalos caudatus_Mito Común
Aegithalos concinnus_Mito Gorjinegro
Aegithina tiphia_Iora Común
Aegolius acadicus_Mochuelo Cabezón
Aegolius funereus_Mochuelo Boreal
Aegotheles cristatus_Egotelo Australiano
Aeronautes saxatalis_Vencejo Gorjiblanco
Aethopyga christinae_Suimanga de Christina
Aethopyga nipalensis_Suimanga Coliverde
Aethopyga siparaja_Suimanga Siparaja
Agapornis roseicollis_Inseparable de Namibia
Agelaioides badius_Tordo Músico
Agelaius phoeniceus_Sargento Alirrojo
Agelaius tricolor_Sargento Tricolor
Agelasticus thilius_Varillero Aliamarillo
Ailuroedus crassirostris_Maullador Verde
Aimophila rufescens_Chingolo Rojizo
Aimophila ruficeps_Chingolo Coronirrufo
Aix galericulata_Pato Mandarín
Aix sponsa_Pato Joyuyo
Alauda arvensis_Alondra Común
Alauda gulgula_Alondra Oriental
Alaudala rufescens_Terrera Marismeña
Alca torda_Alca Común
Alcedo atthis_Martín Pescador Común
Alcippe morrisonia_Fulveta Carigrís
Alcippe poioicephala_Fulveta Cariparda
Alectoris chukar_Perdiz Chucar
Alectoris rufa_Perdiz Roja
Alisterus scapularis_Papagayo Australiano
Allonemobius allardi_Allard's Ground Cricket
Allonemobius tinnulus_Tinkling Ground Cricket
Allonemobius walkeri_Walker's Ground Cricket
Alophoixus ochraceus_Bulbul Ocráceo
Alopochen aegyptiaca_Ganso del Nilo
Alouatta pigra_Mexican Black Howler Monkey
Amandava amandava_Bengalí Rojo
Amaurornis phoenicurus_Gallineta Pechiblanca
Amazilia rutila_Amazilia Canela
Amazilia tzacatl_Amazilia Tzacatl
Amazilia yucatanensis_Amazilia Yucateca
Amazona aestiva_Amazona Frentiazul
Amazona albifrons_Amazona Frentialba
Amazona amazonica_Amazona Alinaranja
Amazona auropalliata_Amazona Nuquigualda
Amazona autumnalis_Amazona Frentirroja
Amazona farinosa_Amazona Harinosa
Amazona finschi_Amazona Guayabera
Amazona mercenarius_Amazona Mercenaria
Amazona ochrocephala_Amazona Real
Amazona oratrix_Amazona Cabecigualda
Amazona viridigenalis_Amazona Tamaulipeca
Amblycercus holosericeus_Cacique Piquiclaro
Amblycorypha alexanderi_Clicker Round-winged Katydid
Amblycorypha longinicta_Common Virtuoso Katydid
Amblycorypha oblongifolia_Oblong-winged Katydid
Amblycorypha rotundifolia_Rattler Round-winged Katydid
Amblyramphus holosericeus_Federal
Ammodramus aurifrons_Chingolo Cejigualdo
Ammodramus humeralis_Chingolo Pajonalero
Ammodramus savannarum_Chingolo Saltamontes
Ammospiza leconteii_Chingolo de Leconte
Ammospiza maritima_Chingolo Costero
Ammospiza nelsoni_Chingolo de Nelson
Amphispiza bilineata_Chingolo Gorjinegro
Anabacerthia striaticollis_Ticotico Montano
Anabacerthia variegaticeps_Ticotico de Anteojos
Anairetes parulus_Cachudito Piquinegro
Anas acuta_Ánade Rabudo
Anas crecca_Cerceta Común
Anas platyrhynchos_Ánade Azulón
Anas poecilorhyncha_Ánade Picopinto Indio
Anaxipha exigua_Say's Trig
Anaxyrus americanus_American Toad
Anaxyrus canorus_Yosemite Toad
Anaxyrus cognatus_Great Plains Toad
Anaxyrus fowleri_Fowler's Toad
Anaxyrus houstonensis_Houston Toad
Anaxyrus microscaphus_Arizona Toad
Anaxyrus quercicus_Oak Toad
Anaxyrus speciosus_Texas Toad
Anaxyrus terrestris_Southern Toad
Anaxyrus woodhousii_Woodhouse's Toad
Andigena laminirostris_Tucán Piquiplano
Andropadus importunus_Bulbul de Zanzíbar
Anhima cornuta_Chajá Añuma
Anhinga anhinga_Anhinga Americana
Anisognathus igniventris_Tangara Ventriescarlata
Anous minutus_Tiñosa Menuda
Anous stolidus_Tiñosa Boba
Anser albifrons_Ánsar Careto
Anser anser_Ánsar Común
Anser brachyrhynchus_Ánsar Piquicorto
Anser caerulescens_Ánsar Nival
Anser fabalis_Ánsar Campestre de La Taiga
Anser rossii_Ánsar de Ross
Anser serrirostris_Ánsar Campestre de La Tundra
Anthochaera carunculata_Mielero Carunculado
Anthochaera chrysoptera_Mielero Alirrufo
Anthornis melanura_Mielero Maorí
Anthracoceros albirostris_Cálao Cariblanco
Anthreptes malacensis_Suimanga Gorjipardo
Anthus campestris_Bisbita Campestre
Anthus cervinus_Bisbita Gorjirrojo
Anthus cinnamomeus_Bisbita Africano
Anthus correndera_Bisbita Correndera
Anthus hodgsoni_Bisbita de Hodgson
Anthus lutescens_Bisbita Amarillento
Anthus petrosus_Bisbita Costero
Anthus pratensis_Bisbita Pratense
Anthus richardi_Bisbita de Richard
Anthus rubescens_Bisbita Pechianteado
Anthus rufulus_Bisbita Oriental
Anthus similis_Bisbita Piquilargo
Anthus spinoletta_Bisbita Alpino
Anthus spragueii_Bisbita Llanero
Anthus trivialis_Bisbita Arbóreo
Antigone canadensis_Grulla Canadiense
Antilophia galeata_Saltarín de Yelmo
Antrostomus arizonae_Chotacabras Cuerporruín Mexicano
Antrostomus carolinensis_Chotacabras de La Carolina
Antrostomus vociferus_Chotacabras Cuerporruín Norteño
Anumbius annumbi_Leñatero
Apalis flavida_Apalis Pechigualdo
Apalis thoracica_Apalis Acollarado
Aphelocoma californica_Chara Californiana
Aphelocoma coerulescens_Chara Floridana
Aphelocoma wollweberi_Chara Pechigrís
Aphelocoma woodhouseii_Chara de Woodhouse
Aphrastura spinicauda_Rayadito Común
Apis mellifera_Honey Bee
Aplonis metallica_Estornino Lustroso
Aplonis panayensis_Estornino Bronceado
Apus affinis_Vencejo Moro
Apus apus_Vencejo Común
Apus melba_Vencejo Real
Apus pallidus_Vencejo Pálido
Aquila chrysaetos_Águila Real
Ara ararauna_Guacamayo Azuliamarillo
Ara chloropterus_Guacamayo Aliverde
Ara macao_Guacamayo Macao
Ara militaris_Guacamayo Militar
Ara severus_Guacamayo Severo
Arachnothera longirostra_Arañero Chico
Arachnothera magna_Arañero Estriado
Aramides cajaneus_Cotara Chiricote
Aramides saracura_Cotara Saracura
Aramides ypecaha_Cotara Ipacaá
Aramus guarauna_Carrao
Aratinga nenday_Aratinga Ñanday
Aratinga weddellii_Aratinga Cabecifusca
Arborophila torqueola_Arborófila Común
Archilochus alexandri_Colibrí Gorjinegro
Archilochus colubris_Colibrí Gorjirrubí
Ardea alba_Garceta Grande
Ardea cinerea_Garza Real
Ardea cocoi_Garza Cuca
Ardea herodias_Garza Azulada
Ardea purpurea_Garza Imperial
Ardenna grisea_Pardela Sombría
Ardenna pacifica_Pardela del Pacífico
Ardenna tenuirostris_Pardela de Tasmania
Arenaria interpres_Vuelvepiedras Común
Arenaria melanocephala_Vuelvepiedras Oscuro
Argya affinis_Turdoide Piquigualdo
Argya caudata_Turdoide Común
Argya malcolmi_Turdoide Gris
Argya striata_Turdoide Matorralero
Argya subrufa_Turdoide Rufo
Arremon assimilis_Cerquero Picofino
Arremon aurantiirostris_Cerquero Piquinaranja
Arremon brunneinucha_Cerquero Coronicastaño
Arremon flavirostris_Cerquero Piquiamarillo
Arremon taciturnus_Cerquero Pectoral
Arremonops chloronotus_Cerquero Dorsiverde
Arremonops conirostris_Cerquero Negrilistado
Arremonops rufivirgatus_Cerquero Oliváceo
Artamus fuscus_Artamo Ceniciento
Artamus leucorynchus_Artamo Ventriblanco
Artemisiospiza belli_Chingolo de Bell
Artemisiospiza nevadensis_Chingolo de Nevada
Arundinax aedon_Carricero Picogordo
Asemospiza obscura_Semillero Oscuro
Asio clamator_Búho Gritón
Asio flammeus_Búho Campestre
Asio otus_Búho Chico
Asthenes modesta_Canastero Pálido
Asthenes pyrrholeuca_Canastero Coludo
Atalotriccus pilaris_Mosquerito Ojiblanco
Athene brama_Mochuelo Brahmán
Athene cunicularia_Mochuelo de Madriguera
Athene noctua_Mochuelo Europeo
Atlanticus testaceus_Protean Shieldback
Atlapetes albinucha_Atlapetes Nuquiblanco
Atlapetes latinuchus_Atlapetes Pechiamarillo
Atlapetes pallidinucha_Atlapetes Nuquipálido
Atlapetes pileatus_Atlapetes Coronirrufo
Atlapetes schistaceus_Atlapetes Pizarroso
Atlapetes tricolor_Atlapetes Tricolor
Attila cinnamomeus_Atila Canelo
Attila rufus_Atila Encapuchado
Attila spadiceus_Atila Polimorfo
Aulacorhynchus albivitta_Tucanete Gorjiblanco
Aulacorhynchus haematopygus_Tucanete Culirrojo
Aulacorhynchus prasinus_Tucanete Esmeralda
Auriparus flaviceps_Pájaro Moscón Baloncito
Automolus leucophthalmus_Ticotico Ojiblanco
Automolus ochrolaemus_Ticotico Gorjiclaro
Aythya affinis_Porrón Bola
Aythya collaris_Porrón Acollarado
Aythya ferina_Porrón Europeo
Aythya fuligula_Porrón Moñudo
Aythya marila_Porrón Bastardo
Aythya valisineria_Porrón Coacoxtle
Baeolophus atricristatus_Herrerillo Crestinegro
Baeolophus bicolor_Herrerillo Bicolor
Baeolophus inornatus_Herrerillo Unicolor
Baeolophus ridgwayi_Herrerillo de Ridgway
Baeolophus wollweberi_Herrerillo Embridado
Bartramia longicauda_Correlimos Batitú
Baryphthengus martii_Momoto Yeruvá Occidental
Baryphthengus ruficapillus_Momoto Yeruvá Oriental
Basileuterus belli_Reinita Cejidorada
Basileuterus culicivorus_Reinita Coronidorada
Basileuterus delattrii_Reinita Coronicastaña
Basileuterus rufifrons_Reinita Coronirrufa
Basileuterus tristriatus_Reinita Cabecilistada
Basilinna leucotis_Colibrí Orejiblanco
Batis capensis_Batis de El Cabo
Batis molitor_Batis Molitor
Blythipicus pyrrhotis_Pito Orejirrojo
Bolborhynchus lineola_Catita Barrada
Bombycilla cedrorum_Ampelis Americano
Bombycilla garrulus_Ampelis Europeo
Bonasa umbellus_Grévol Engolado
Bostrychia hagedash_Ibis Hadada
Botaurus lentiginosus_Avetoro Lentiginoso
Botaurus stellaris_Avetoro Común
Brachypodius priocephalus_Bulbul Cabecigrís
Brachypteryx leucophris_Alicorto Chico
Brachyramphus marmoratus_Mérgulo Jaspeado Americano
Branta bernicla_Barnacla Carinegra
Branta canadensis_Barnacla Canadiense Grande
Branta hutchinsii_Barnacla Canadiense Chica
Branta leucopsis_Barnacla Cariblanca
Branta sandvicensis_Barnacla Nené
Brotogeris chiriri_Catita Chirirí
Brotogeris chrysoptera_Catita Alidorada
Brotogeris cyanoptera_Catita Aliazul
Brotogeris jugularis_Catita Churica
Brotogeris tirica_Catita Tirica
Bubo bubo_Búho Real
Bubo virginianus_Búho Americano
Bubulcus ibis_Garcilla Bueyera
Bucanetes githagineus_Camachuelo Trompetero
Bucephala albeola_Porrón Albeola
Bucephala clangula_Porrón Osculado
Buceros bicornis_Cálao Bicorne
Buceros rhinoceros_Cálao Rinoceronte
Bulweria bulwerii_Petrel de Bulwer
Burhinus grallarius_Alcaraván Colilargo
Burhinus indicus_Alcaraván Indio
Burhinus oedicnemus_Alcaraván Común
Busarellus nigricollis_Busardo Colorado
Buteo albonotatus_Busardo Aura
Buteo brachyurus_Busardo Colicorto
Buteo buteo_Busardo Ratonero
Buteo jamaicensis_Busardo Colirrojo
Buteo lineatus_Busardo Pechirrojo
Buteo nitidus_Busardo Gris Meridional
Buteo plagiatus_Busardo Gris Norteño
Buteo platypterus_Busardo Aliancho
Buteo solitarius_Busardo Hawaiano
Buteo swainsoni_Busardo Chapulinero
Buteogallus anthracinus_Busardo Negro
Buteogallus meridionalis_Busardo Sabanero
Buteogallus urubitinga_Busardo Urubitinga
Butorides striata_Garcilla Azulada
Butorides virescens_Garcilla Verde
Cacatua galerita_Cacatúa Galerita
Cacatua goffiniana_Cacatúa de Las Tanimbar
Cacatua sanguinea_Cacatúa Sanguínea
Cacicus cela_Cacique Lomiamarillo
Cacicus chrysonotus_Cacique Montano
Cacicus chrysopterus_Cacique Aliamarillo
Cacicus haemorrhous_Cacique Lomirrojo
Cacicus solitarius_Cacique Solitario
Cacicus uropygialis_Cacique Lomiescarlata
Cacomantis flabelliformis_Cuco Flabeliforme
Cacomantis merulinus_Cuco Plañidero
Cacomantis pallidus_Cuco Pálido
Cacomantis passerinus_Cuco Pechigrís
Cacomantis sonneratii_Cuco Bayo
Cacomantis variolosus_Cuco Varioloso
Calamospiza melanocorys_Chingolo Albinegro
Calandrella brachydactyla_Terrera Común
Calandrella cinerea_Terrera Capirotada
Calcarius lapponicus_Escribano Lapón
Calcarius ornatus_Escribano Collarejo
Calcarius pictus_Escribano de Smith
Calendulauda sabota_Alondra Sabota
Calidris acuminata_Correlimos Acuminado
Calidris alba_Correlimos Tridáctilo
Calidris alpina_Correlimos Común
Calidris bairdii_Correlimos de Baird
Calidris canutus_Correlimos Gordo
Calidris ferruginea_Correlimos Zarapitín
Calidris fuscicollis_Correlimos Culiblanco
Calidris himantopus_Correlimos Zancolín
Calidris maritima_Correlimos Oscuro
Calidris mauri_Correlimos de Alaska
Calidris melanotos_Correlimos Pectoral
Calidris minuta_Correlimos Menudo
Calidris minutilla_Correlimos Menudillo
Calidris pugnax_Combatiente
Calidris pusilla_Correlimos Semipalmeado
Calidris subruficollis_Correlimos Canelo
Calidris temminckii_Correlimos de Temminck
Caligavis chrysops_Mielero Carigualdo
Calliope calliope_Ruiseñor Calíope
Callipepla californica_Colín de California
Callipepla gambelii_Colín de Gambel
Callipepla squamata_Colín Escamado
Calocitta colliei_Urraca Hermosa Carinegra
Calocitta formosa_Urraca Hermosa Cariblanca
Calonectris diomedea_Pardela Cenicienta
Calypte anna_Colibrí de Anna
Calypte costae_Colibrí de Costa
Calyptorhynchus banksii_Cacatúa Colirroja
Calyptorhynchus funereus_Cacatúa Fúnebre Coliamarilla
Camaroptera brachyura_Camaróptera Baladora
Campephilus guatemalensis_Picamaderos Piquiclaro
Campephilus melanoleucos_Picamaderos Barbinegro
Campephilus pollens_Picamaderos Poderoso
Campephilus rubricollis_Picamaderos Cuellirrojo
Camptostoma imberbe_Mosquerito Imberbe
Camptostoma obsoletum_Mosquerito Silbón
Campylopterus hemileucurus_Colibrí Morado
Campylorhamphus trochilirostris_Picoguadaña Piquirrojo
Campylorhynchus brunneicapillus_Cucarachero Desértico
Campylorhynchus fasciatus_Cucarachero Ondeado
Campylorhynchus griseus_Cucarachero Currucuchú
Campylorhynchus rufinucha_Cucarachero Nuquirrufo
Campylorhynchus turdinus_Cucarachero Turdino
Campylorhynchus zonatus_Cucarachero Barrado
Canis latrans_Coyote
Canis lupus_Gray Wolf
Cantorchilus elutus_Cucarachero del Istmo
Cantorchilus leucotis_Cucarachero Pechihabano
Cantorchilus longirostris_Cucarachero Piquilargo
Cantorchilus modestus_Cucarachero Modesto
Cantorchilus nigricapillus_Cucarachero Cabecinegro
Cantorchilus semibadius_Cucarachero Ribereño
Cantorchilus thoracicus_Cucarachero Pechirrayado
Capito auratus_Cabezón Dorado
Caprimulgus affinis_Chotacabras de Sabana
Caprimulgus asiaticus_Chotacabras Hindú
Caprimulgus atripennis_Chotacabras Marajá
Caprimulgus europaeus_Chotacabras Europeo
Caprimulgus macrurus_Chotacabras Macruro
Caprimulgus ruficollis_Chotacabras Cuellirrojo
Capsiempis flaveola_Mosquerito Amarillo
Caracara plancus_Caracara Carancho
Cardellina canadensis_Reinita Canadiense
Cardellina pusilla_Reinita de Wilson
Cardellina rubra_Reinita Roja
Cardellina rubrifrons_Reinita Carirroja
Cardinalis cardinalis_Cardenal Norteño
Cardinalis sinuatus_Cardenal Pardo
Carduelis carduelis_Jilguero Europeo
Carduelis citrinella_Verderón Serrano
Cariama cristata_Chuña Patirroja
Carpodacus erythrinus_Camachuelo Carminoso
Caryothraustes poliogaster_Picogrueso Carinegro
Cassiculus melanicterus_Cacique Mexicano
Catharus aurantiirostris_Zorzalito Piquigualda
Catharus bicknelli_Zorzalito de Bicknell
Catharus frantzii_Zorzalito de Frantzius
Catharus fuscater_Zorzalito Sombrío
Catharus fuscescens_Zorzalito Rojizo
Catharus gracilirostris_Zorzalito Piquinegro
Catharus guttatus_Zorzalito Colirrufo
Catharus mexicanus_Zorzalito Cabecinegro
Catharus minimus_Zorzalito Carigrís
Catharus ustulatus_Zorzalito de Swainson
Catherpes mexicanus_Cucarachero Barranquero
Cecropis abyssinica_Golondrina Abisinia
Cecropis daurica_Golondrina Dáurica
Celeus elegans_Carpintero Elegante
Celeus flavescens_Carpintero Amarillento
Celeus flavus_Carpintero Amarillo
Centrocercus urophasianus_Gallo de Las Artemisas Grande
Centronyx bairdii_Chingolo de Baird
Centronyx henslowii_Chingolo de Henslow
Centropus bengalensis_Cucal Bengalí
Centropus sinensis_Cucal Chino
Centropus superciliosus_Cucal Cejiblanco
Centropus viridis_Cucal Filipino
Ceratopipra erythrocephala_Saltarín Cabecidorado
Ceratopipra mentalis_Saltarín Cabeirrojo Norteño
Cercomacra cinerascens_Hormiguero Gris
Cercomacra nigricans_Hormiguero Azabache
Cercomacroides tyrannina_Hormiguero Tirano
Cercotrichas galactotes_Alzacola Rojizo
Cercotrichas leucophrys_Alzacola Dorsirrojo
Certhia americana_Agateador Americano
Certhia brachydactyla_Agateador Europeo
Certhia familiaris_Agateador Euroasiático
Certhiaxis cinnamomeus_Curutié Colorado
Ceryle rudis_Martín Pescador Pío
Cettia cetti_Cetia Ruiseñor
Chaetura cinereiventris_Vencejo Ceniciento
Chaetura meridionalis_Vencejo de Tormenta
Chaetura pelagica_Vencejo de Chimenea
Chaetura vauxi_Vencejo de Vaux
Chalcomitra senegalensis_Suimanga Pechiescarlata
Chalcophaps indica_Palomita Esmeralda Cabecigrís
Chamaea fasciata_Camea
Chamaeza campanisona_Tovacá Colicorto
Charadrius alexandrinus_Chorlitejo Patinegro
Charadrius dubius_Chorlitejo Chico
Charadrius hiaticula_Chorlitejo Grande
Charadrius melodus_Chorlitejo Silbador
Charadrius nivosus_Chorlitejo Nivoso
Charadrius semipalmatus_Chorlitejo Semipalmeado
Charadrius vociferus_Chorlitejo Culirrojo
Charadrius wilsonia_Chorlitejo Piquigrueso
Chasiempis sandwichensis_Monarca Elepaio
Chauna torquata_Chajá Común
Chiroxiphia caudata_Saltarín Azul
Chiroxiphia lanceolata_Saltarín Lanceolado
Chiroxiphia linearis_Saltarín Colilargo
Chiroxiphia pareola_Saltarín Dorsiazul
Chlidonias hybrida_Fumarel Cariblanco
Chlidonias leucopterus_Fumarel Aliblanco
Chlidonias niger_Fumarel Común
Chlorestes cyanus_Zafiro Gorjiblanco
Chloris chloris_Verderón Común
Chloris sinica_Verderón Chino
Chloroceryle amazona_Martín Pescador Amazónico
Chloroceryle americana_Martín Pescador Verde
Chlorodrepanis virens_Amakihi de Hawai
Chlorophanes spiza_Mielerito Verde
Chlorophonia cyanea_Clorofonia Nuquiazul
Chlorophonia cyanocephala_Eufonia Culidorada
Chlorophonia elegantissima_Eufonia Elegante
Chloropicus fuscescens_Pito Cardenal
Chloropsis aurifrons_Verdín Frentidorado
Chloropsis cochinchinensis_Verdín Aliazul
Chloropsis hardwickii_Verdín de Hardwicke
Chloropsis jerdoni_Verdín de Jerdon
Chlorornis riefferii_Tangara Lorito
Chlorospingus flavigularis_Clorospingo Gorjiamarillo
Chlorospingus flavopectus_Clorospingo Común
Chlorospingus pileatus_Clorospingo Cejiblanco
Chlorospingus semifuscus_Clorospingo Oscuro
Chlorostilbon lucidus_Esmeralda Ventridorada
Chlorothraupis carmioli_Tangara de Carmiol
Chlorothraupis stolzmanni_Tangara Pechiocre
Chondestes grammacus_Chingolo Arlequín
Chordeiles acutipennis_Añapero Garrapena
Chordeiles gundlachii_Añapero Querequeté
Chordeiles minor_Añapero Yanqui
Chroicocephalus genei_Gaviota Picofina
Chroicocephalus maculipennis_Gaviota Cahuil
Chroicocephalus novaehollandiae_Gaviota Plateada
Chroicocephalus philadelphia_Gaviota de Bonaparte
Chroicocephalus ridibundus_Gaviota Reidora
Chroicocephalus serranus_Gaviota Andina
Chrysococcyx basalis_Cuclillo de Horsfield
Chrysococcyx caprius_Cuclillo Didric
Chrysococcyx cupreus_Cuclillo Esmeralda Africano
Chrysococcyx klaas_Cuclillo de Klaas
Chrysococcyx lucidus_Cuclillo Broncíneo
Chrysococcyx minutillus_Cuclillo Menudo
Chrysocolaptes guttacristatus_Pito Sultán Grande
Chrysolophus pictus_Faisán Dorado
Chrysomma sinense_Timalí Ojigualdo
Chrysomus icterocephalus_Varillero Capuchino
Chrysomus ruficapillus_Varillero Congo
Chrysuronia oenone_Zafiro Colidorado
Ciccaba nigrolineata_Cárabo Blanquinegro
Ciccaba virgata_Cárabo Café
Cichladusa guttata_Zorzal Palmero Moteado
Ciconia ciconia_Cigüeña Blanca
Cinclodes fuscus_Remolinera Fusca
Cincloramphus mathewsi_Yerbera de Mathews
Cincloramphus timoriensis_Yerbera Leonada
Cinclus cinclus_Mirlo Acuático Europeo
Cinclus mexicanus_Mirlo Acuático Norteamericano
Cinnycerthia olivascens_Cucarachero Sepia
Cinnycerthia unirufa_Cucarachero Rufo
Cinnyris asiaticus_Suimanga Asiático
Cinnyris chalybeus_Suimanga Acerado
Cinnyris jugularis_Suimanga Dorsioliva
Cinnyris lotenius_Suimanga de Loten
Cinnyris talatala_Suimanga Pechiblanco
Cinnyris venustus_Suimanga Variable
Circaetus gallicus_Culebrera Europea
Circus aeruginosus_Aguilucho Lagunero Occidental
Circus hudsonius_Aguilucho de Hudson
Circus pygargus_Aguilucho Cenizo
Cissa chinensis_Urraca Verde
Cissopis leverianus_Tangara Urraca
Cisticola cantans_Cistícola Cantor
Cisticola chiniana_Cistícola Cascabel
Cisticola erythrops_Cistícola Carirrojo
Cisticola exilis_Cistícola Cabecidorado
Cisticola juncidis_Cistícola Buitrón
Cisticola tinniens_Cistícola de Levaillant
Cistothorus palustris_Cucarachero Pantanero
Cistothorus platensis_Cucarachero Sabanero
Cistothorus stellaris_Cucarachero Culibarrado
Clamator glandarius_Críalo Europeo
Clamator jacobinus_Críalo Blanquinegro
Clangula hyemalis_Pato Havelda
Claravis pretiosa_Tortolita Azulada
Clibanornis rubiginosus_Ticotico Castaño
Cnemotriccus fuscatus_Mosquero Parduzco
Coccothraustes coccothraustes_Picogordo Común
Coccothraustes vespertinus_Picogordo Vespertino
Coccycua minuta_Cuco Ardilla Menor
Coccyzus americanus_Cuclillo Piquigualdo
Coccyzus erythropthalmus_Cuclillo Piquinegro
Coccyzus melacoryphus_Cuclillo Canela
Coccyzus minor_Cuclillo de Manglar
Cochlearius cochlearius_Martinete Cucharón
Coereba flaveola_Platanero
Colaptes auratus_Carpintero Escapulario
Colaptes campestris_Carpintero Campestre
Colaptes chrysoides_Carpintero Californiano
Colaptes melanochloros_Carpintero Real Norteño
Colaptes punctigula_Carpintero Moteado
Colaptes rivolii_Carpintero Candela Común
Colaptes rubiginosus_Carpintero Oliváceo
Colaptes rupicola_Carpintero Andino
Colibri coruscans_Colibrí Rutilante
Colibri cyanotus_Colibrí Oreja Violeta Menor
Colibri delphinae_Colibrí Pardo
Colibri thalassinus_Colibrí Oreja Violeta Mexicano
Colinus cristatus_Colín Crestudo
Colinus virginianus_Colín de Virginia
Colius striatus_Pájaro Ratón Común
Colluricincla harmonica_Picanzo Gris
Colonia colonus_Mosquero Colilargo
Colorhamphus parvirostris_Peutrén
Columba livia_Paloma Bravía
Columba oenas_Paloma Zurita
Columba palumbus_Paloma Torcaz
Columbina inca_Tortolita Mexicana
Columbina minuta_Columbina Menuda
Columbina passerina_Columbina Común
Columbina picui_Columbina Picuí
Columbina squammata_Tortolita Escamosa
Columbina talpacoti_Columbina Colorada
Conirostrum speciosum_Conirrostro Culirrufo
Conocephalus brevipennis_Short-winged Meadow Katydid
Conocephalus fasciatus_Slender Meadow Katydid
Conopophaga lineata_Jejenero Rojizo
Contopus cinereus_Pibí Tropical
Contopus cooperi_Pibí Boreal
Contopus fumigatus_Pibí Ahumado
Contopus pertinax_Pibí Tengofrío
Contopus sordidulus_Pibí Occidental
Contopus virens_Pibí Oriental
Copsychus fulicatus_Tarabilla Terrestre
Copsychus malabaricus_Shama Malabar
Copsychus saularis_Shama Oriental
Coracias benghalensis_Carraca India
Coracias garrulus_Carraca Europea
Coracina macei_Oruguero de Macé
Coracina novaehollandiae_Oruguero Carinegro
Coragyps atratus_Zopilote Negro
Corcorax melanorhamphos_Corvino Negro
Cormobates leucophaea_Corretroncos Gorjiblanco
Corthylio calendula_Reyezuelo Rubí
Corvus albus_Cuervo Pío
Corvus brachyrhynchos_Cuervo Americano
Corvus corax_Cuervo Grande
Corvus cornix_Corneja Cenicienta
Corvus corone_Corneja Negra
Corvus coronoides_Cuervo Australiano
Corvus cryptoleucus_Cuervo Llanero
Corvus enca_Cuervo Picofino
Corvus frugilegus_Graja
Corvus hawaiiensis_Cuervo Hawaiano
Corvus macrorhynchos_Cuervo Picudo
Corvus mellori_Cuervo de Mellor
Corvus monedula_Grajilla Occidental
Corvus orru_Cuervo de Torres
Corvus ossifragus_Cuervo Pescador
Corvus splendens_Cuervo Indio
Coryphospingus cucullatus_Soldadito Crestirrojo
Coryphospingus pileatus_Soldadito Capirotado
Corythopis delalandi_Mosquero Terrestre Sureño
Cossypha caffra_Cosifa Cafre
Cossypha heuglini_Cosifa de Heuglin
Cossypha natalensis_Cosifa de Natal
Coturnicops noveboracensis_Polluela Amarillenta
Coturnix coturnix_Codorniz Común
Coturnix japonica_Codorniz Japonesa
Cracticus nigrogularis_Verdugo Gorjinegro
Cracticus quoyi_Verdugo Negro
Cracticus torquatus_Verdugo Acollarado
Cranioleuca erythrops_Curutié Carirrojo
Cranioleuca pallida_Curutié Pálido
Cranioleuca pyrrhophia_Curutié Ventriblanco
Crax fasciolata_Pavón Muitú
Crex crex_Guión de Codornices
Crithagra mozambica_Serín Frentiamarillo
Crotophaga ani_Garrapatero Aní
Crotophaga major_Garrapatero Mayor
Crotophaga sulcirostris_Garrapatero Asurcado
Crypturellus boucardi_Tinamú Pizarroso
Crypturellus cinereus_Tinamú Sombrío
Crypturellus cinnamomeus_Tinamú Canelo
Crypturellus obsoletus_Tinamú Café
Crypturellus parvirostris_Tinamú Piquicorto
Crypturellus soui_Tinamú Chico
Crypturellus tataupa_Tinamú Tataupá
Crypturellus undulatus_Tinamú Ondeado
Crypturellus variegatus_Tinamú Abigarrado
Cuculus canorus_Cuco Común
Cuculus clamosus_Cuco Negro
Cuculus micropterus_Cuco Alicorto
Cuculus optatus_Cuco Oriental
Cuculus solitarius_Cuco Solitario
Culicicapa ceylonensis_Papamoscas Cabecigrís
Curaeus curaeus_Tordo Patagón
Curruca communis_Curruca Zarcera
Curruca curruca_Curruca Zarcerilla
Curruca hortensis_Curruca Mirlona Occidental
Curruca iberiae_Curruca Carrasqueña Occidental
Curruca melanocephala_Curruca Cabecinegra
Curruca undata_Curruca Rabilarga
Cyanerpes cyaneus_Mielerito Patirrojo
Cyanistes caeruleus_Herrerillo Común
Cyanistes teneriffae_Herrerillo Canario
Cyanocitta cristata_Chara Azul
Cyanocitta stelleri_Chara de Steller
Cyanocompsa parellina_Picogrueso Azul
Cyanocorax affinis_Chara Pechinegra
Cyanocorax caeruleus_Chara Cerúlea
Cyanocorax chrysops_Chara Moñuda
Cyanocorax cristatellus_Chara Crestada
Cyanocorax cyanomelas_Chara Morada
Cyanocorax melanocyaneus_Chara Centroamericana
Cyanocorax violaceus_Chara Violácea
Cyanocorax yncas_Chara Verde
Cyanocorax yucatanicus_Chara Yucateca
Cyanoderma chrysaeum_Timalí Dorado
Cyanoderma erythropterum_Timalí Alirrojo
Cyanoderma ruficeps_Timalí Coronirrojo
Cyanoliseus patagonus_Loro Barranquero
Cyanoloxia brissonii_Picogrueso de Brisson
Cyanoloxia cyanoides_Picogrueso Negriazul
Cyanolyca turcosa_Chara Turquesa
Cyanomitra olivacea_Suimanga Oliváceo
Cyanopica cooki_Rabilargo Ibérico
Cyanoptila cyanomelana_Papamoscas Azul
Cyclarhis gujanensis_Vireón Cejirrufo
Cyclarhis nigrirostris_Vireón Piquinegro
Cygnus buccinator_Cisne Trompetero
Cygnus columbianus_Cisne Chico
Cygnus cygnus_Cisne Cantor
Cygnus olor_Cisne Vulgar
Cymbilaimus lineatus_Batará Lineado
Cynanthus latirostris_Colibrí Piquiancho Común
Cyornis hainanus_Papamoscas de Hainan
Cyornis rubeculoides_Papamoscas Gorjiazul
Cyornis tickelliae_Papamoscas de Tickell
Cyphorhinus phaeocephalus_Cucarachero Canoro
Cypsiurus balasiensis_Vencejo Palmero Asiático
Cyrtonyx montezumae_Colín de Moctezuma
Cyrtoxipha columbiana_Columbian Trig
Dacelo novaeguineae_Cucaburra Común
Dacnis cayana_Dacnis Azul
Daptrius ater_Caracara Negro
Delichon urbicum_Avión Común
Dendragapus fuliginosus_Gallo Fuliginoso
Dendragapus obscurus_Gallo Oscuro
Dendrexetastes rufigula_Trepatroncos Gorjicanelo
Dendrocincla anabatina_Trepatroncos Sepia
Dendrocincla fuliginosa_Trepatroncos Fuliginoso
Dendrocincla turdina_Trepatroncos Turdino
Dendrocitta formosae_Urraca Gris
Dendrocitta vagabunda_Urraca Vagabunda
Dendrocolaptes picumnus_Trepatroncos Variable
Dendrocolaptes platyrostris_Trepatroncos Oscuro
Dendrocolaptes sanctithomae_Trepatroncos Barrado Norteño
Dendrocopos leucotos_Pico Dorsiblanco
Dendrocopos major_Pico Picapinos
Dendrocopos syriacus_Pico Sirio
Dendrocoptes medius_Pico Mediano
Dendrocygna autumnalis_Suirirí Piquirrojo
Dendrocygna bicolor_Suirirí Bicolor
Dendrocygna javanica_Suirirí de Java
Dendrocygna viduata_Suirirí Cariblanco
Dendroma rufa_Ticotico Ocráceo Grande
Dendroplex picus_Trepatroncos Piquirrecto
Dendrortyx leucophrys_Colín Cariclaro
Dicaeum concolor_Picaflores Liso
Dicaeum cruentatum_Picaflores Dorsirrojo
Dicaeum erythrorhynchos_Picaflores Piquirrojo
Dicaeum hirundinaceum_Picaflores Golondrina
Dicaeum ignipectus_Picaflores Pechofuego
Dicaeum trigonostigma_Picaflores Ventrinaranja
Dicrurus adsimilis_Drongo Ahorquillado
Dicrurus aeneus_Drongo Bronceado
Dicrurus bracteatus_Drongo Escamoso
Dicrurus caerulescens_Drongo Ventriblanco
Dicrurus hottentottus_Drongo Crestudo
Dicrurus leucophaeus_Drongo Cenizo
Dicrurus macrocercus_Drongo Real
Dicrurus paradiseus_Drongo de Raquetas Grande
Dicrurus remifer_Drongo de Raquetas Chico
Diglossa albilatera_Pinchaflor Flanquiblanco
Diglossa caerulescens_Pinchaflor Azulado
Diglossa cyanea_Pinchaflor Enmascarado
Diglossa humeralis_Pinchaflor Negro
Diglossa lafresnayii_Pinchaflor Satinado
Dinopium benghalense_Pito Bengalí
Diopsittaca nobilis_Guacamayo Noble
Diuca diuca_Diuca Común
Dives dives_Zanate Cantor
Dives warczewiczi_Zanate Matorralero
Dog_Dog
Dolichonyx oryzivorus_Tordo Charlatán
Donacobius atricapilla_Angú
Drepanis coccinea_Iiwi
Dromococcyx phasianellus_Cuclillo Faisán
Drymophila ferruginea_Tiluchí Herrumbroso
Drymophila striaticeps_Tiluchí Colilargo
Dryobates affinis_Carpintero Teñido
Dryobates albolarvatus_Pico Cabeciblanco
Dryobates arizonae_Pico de Arizona
Dryobates borealis_Pico de Florida
Dryobates fumigatus_Carpintero Ahumado
Dryobates lignarius_Pico Bataraz Grande
Dryobates minor_Pico Menor
Dryobates nuttallii_Pico de Nuttall
Dryobates passerinus_Carpintero Chico
Dryobates pubescens_Pico Pubescente
Dryobates scalaris_Pico Mexicano
Dryobates spilogaster_Carpintero Manchado
Dryobates villosus_Pico Velloso
Dryocopus javensis_Picamaderos Ventriblanco
Dryocopus lineatus_Picamaderos Listado
Dryocopus martius_Picamaderos Negro
Dryocopus pileatus_Picamaderos Norteamericano
Dryophytes andersonii_Pine Barrens Treefrog
Dryophytes arenicolor_Canyon Treefrog
Dryophytes avivoca_Bird-voiced Treefrog
Dryophytes chrysoscelis_Cope's Gray Treefrog
Dryophytes cinereus_Green Treefrog
Dryophytes femoralis_Pine Woods Treefrog
Dryophytes gratiosus_Barking Treefrog
Dryophytes squirellus_Squirrel Treefrog
Dryophytes versicolor_Gray Treefrog
Dryoscopus cubla_Cubla Dorsinegra
Dubusia taeniata_Tangara Pechifulva
Ducula aenea_Dúcula Verde
Ducula badia_Dúcula Dorsicastaña
Dumetella carolinensis_Pájaro Gato Gris
Dumetia hyperythra_Timalí Ventrirrufo
Dysithamnus mentalis_Batarito Cabecigrís
Eclectus roratus_Loro Ecléctico
Edolisoma tenuirostre_Oruguero Picofino
Egretta caerulea_Garceta Azul
Egretta garzetta_Garceta Común
Egretta thula_Garceta Nívea
Egretta tricolor_Garceta Tricolor
Elaenia albiceps_Fiofío Crestiblanco
Elaenia chiriquensis_Fiofío Belicoso
Elaenia cristata_Fiofío Crestado
Elaenia flavogaster_Fiofío Ventriamarillo
Elaenia frantzii_Fiofío Montano
Elaenia martinica_Fiofío Caribeño
Elaenia pallatangae_Fiofío Serrano
Elaenia parvirostris_Fiofío Piquicorto
Elaenia spectabilis_Fiofío Grande
Elanoides forficatus_Elanio Tijereta
Elanus caeruleus_Elanio Común
Elanus leucurus_Elanio Maromero
Electron platyrhynchum_Momoto Picoancho
Eleutherodactylus planirostris_Greenhouse Frog
Emberiza calandra_Escribano Triguero
Emberiza cia_Escribano Montesino
Emberiza cioides_Escribano de Brandt
Emberiza cirlus_Escribano Soteño
Emberiza citrinella_Escribano Cerillo
Emberiza elegans_Escribano Elegante
Emberiza flaviventris_Escribano Pechidorado
Emberiza hortulana_Escribano Hortelano
Emberiza melanocephala_Escribano Cabecinegro
Emberiza pusilla_Escribano Pigmeo
Emberiza rustica_Escribano Rústico
Emberiza schoeniclus_Escribano Palustre
Emberiza spodocephala_Escribano Enmascarado
Emberiza tahapisi_Escribano Canelo
Emberizoides herbicola_Coludo Colicuña
Embernagra platensis_Coludo Verdón
Eminia lepida_Eminia
Empidonax alnorum_Mosquero Alisero
Empidonax difficilis_Mosquero del Pacífico
Empidonax flavescens_Mosquero Amarillento
Empidonax flaviventris_Mosquero Ventriamarillo
Empidonax fulvifrons_Mosquero Pechicanelo
Empidonax hammondii_Mosquero de Hammond
Empidonax minimus_Mosquero Mínimo
Empidonax oberholseri_Mosquero Oscuro
Empidonax occidentalis_Mosquero Cordillerano
Empidonax traillii_Mosquero Saucero
Empidonax virescens_Mosquero Verdoso
Empidonax wrightii_Mosquero Gris
Empidonomus aurantioatrocristatus_Tuquito Gris
Empidonomus varius_Tuquito Rayado
Engine_Engine
Enicurus leschenaulti_Torrentero Coroniblanco
Entomyzon cyanotis_Mielero Cariazul
Environmental_Environmental
Eolophus roseicapilla_Cacatúa Galah
Eopsaltria australis_Petroica Amarilla
Epinecrophylla fulviventris_Hormiguerito Leonado
Eremophila alpestris_Alondra Cornuda
Eremopterix griseus_Terrera Coronigrís
Erithacus rubecula_Petirrojo Europeo
Erpornis zantholeuca_Yuhina Ventriblanca
Erythrogenys erythrocnemis_Cimitarra Estriada
Erythrogenys erythrogenys_Cimitarra Carirrufa
Estrilda astrild_Estrilda Común
Eubucco bourcierii_Cabezón Cabecirrojo
Eucometis penicillata_Tangara Cabecigrís
Eudocimus albus_Ibis Blanco
Eudynamys orientalis_Koel Oriental
Eudynamys scolopaceus_Koel Occidental
Eugenes fulgens_Colibrí Magnífico
Eumomota superciliosa_Momoto Cejiazul
Eumyias thalassinus_Papamoscas Verdín
Eunemobius carolinus_Carolina Ground Cricket
Eunemobius confusus_Confused Ground Cricket
Euodice cantans_Capuchino Picoplata Africano
Euodice malabarica_Capuchino Picoplata Indio
Eupetomena macroura_Colibrí Golondrina
Euphagus carolinus_Zanate Canadiense
Euphagus cyanocephalus_Zanate de Brewer
Euphonia affinis_Eufonia Matorralera
Euphonia chlorotica_Eufonia Golipúrpura
Euphonia chrysopasta_Eufonia Maquillada
Euphonia gouldi_Eufonia Olivácea
Euphonia hirundinacea_Eufonia Gorjiamarilla
Euphonia laniirostris_Eufonia Piquigruesa
Euphonia minuta_Eufonia Culiblanca
Euphonia pectoralis_Eufonia Ventricastaña
Euphonia rufiventris_Eufonia Ventrirrufa
Euphonia trinitatis_Eufonia de Trinidad
Euphonia violacea_Eufonia Violácea
Euphonia xanthogaster_Eufonia Ventrinaranja
Eupsittula aurea_Aratinga Frentidorada
Eupsittula canicularis_Aratinga Frentinaranja
Eupsittula nana_Aratinga Jamaicana
Eupsittula pertinax_Aratinga Pertinaz
Eurillas latirostris_Bulbul Sibá
Eurillas virens_Bulbul Verde
Eurylaimus ochromalus_Eurilaimo Negrigualdo
Eurypyga helias_Tigana
Eurystomus glaucurus_Carraca Picogorda
Eurystomus orientalis_Carraca Oriental
Euscarthmus meloryphus_Tiranuelo Copetón
Falco columbarius_Esmerejón
Falco naumanni_Cernícalo Primilla
Falco peregrinus_Halcón Peregrino
Falco rufigularis_Halcón Murcielaguero
Falco sparverius_Cernícalo Americano
Falco subbuteo_Alcotán Europeo
Falco tinnunculus_Cernícalo Vulgar
Ficedula albicilla_Papamoscas Boreal
Ficedula albicollis_Papamoscas Acollarado
Ficedula hyperythra_Papamoscas Cejiníveo
Ficedula hypoleuca_Papamoscas Cerrojillo
Ficedula narcissina_Papamoscas Narciso
Ficedula parva_Papamoscas Papirrojo
Ficedula tricolor_Papamoscas Tricolor
Ficedula westermanni_Papamoscas Pío
Ficedula zanthopygia_Papamoscas Culiamarillo
Fireworks_Fireworks
Fluvicola nengeta_Viudita Enmascarada
Formicarius analis_Formicario Enmascarado
Formicarius colma_Formicario Capirrojo
Formicarius moniliger_Formicario Mexicano
Formicarius rufipectus_Formicario Pechirrufo
Formicivora grisea_Hormiguerito Coicorita
Forpus conspicillatus_Cotorrita de Anteojos
Forpus passerinus_Cotorrita Culiverde
Foudia madagascariensis_Fodi Rojo
Francolinus francolinus_Francolín Ventrinegro
Francolinus pictus_Francolín Pintojo
Fregata minor_Rabihorcado Grande
Fringilla coelebs_Pinzón Vulgar
Fringilla montifringilla_Pinzón Real
Fulica alai_Focha Hawaiana
Fulica americana_Focha Americana
Fulica atra_Focha Común
Fulmarus glacialis_Fulmar Boreal
Furnarius figulus_Hornero Colibandeado
Furnarius leucopus_Hornero Paticlaro
Furnarius rufus_Hornero Común
Galbula cyanescens_Jacamará Coroniazul
Galbula dea_Jacamará Colilargo
Galbula ruficauda_Jacamará Colirrufo
Galerida cristata_Cogujada Común
Galerida theklae_Cogujada Montesina
Gallicrex cinerea_Gallineta Crestada
Gallinago delicata_Agachadiza de Wilson
Gallinago gallinago_Agachadiza Común
Gallinago paraguaiae_Agachadiza Paraguaya
Gallinula chloropus_Gallineta Común
Gallinula galeata_Gallineta Americana
Gallirallus philippensis_Rascón Filipino
Galloperdix spadicea_Faisancillo Rojo
Gallus gallus_Gallo Bankiva
Gallus sonneratii_Gallo Gris
Garrulax canorus_Charlatán Canoro
Garrulax leucolophus_Charlatán Crestiblanco
Garrulus glandarius_Arrendajo Euroasiático
Gastrophryne carolinensis_Eastern Narrow-mouthed Toad
Gastrophryne olivacea_Great Plains Narrow-mouthed Toad
Gavia immer_Colimbo Grande
Gavia stellata_Colimbo Chico
Gavicalis virescens_Mielero Cantarín
Gelochelidon nilotica_Pagaza Piconegra
Geococcyx californianus_Correcaminos Grande
Geoffroyus geoffroyi_Lorito Carirrojo
Geokichla citrina_Zorzal Citrino
Geopelia humeralis_Tortolita Humeral
Geopelia placida_Tortolita Plácida
Geopelia striata_Tortolita Estriada
Geositta rufipennis_Minero Rojizo
Geothlypis aequinoctialis_Mascarita Equinoccial
Geothlypis formosa_Reinita de Kentucky
Geothlypis philadelphia_Reinita Plañidera
Geothlypis poliocephala_Mascarita Coronigrís
Geothlypis semiflava_Mascarita Coronioliva
Geothlypis tolmiei_Reinita de Tolmie
Geothlypis trichas_Mascarita Común
Geotrygon montana_Paloma Perdiz Común
Geranoaetus albicaudatus_Busardo Coliblanco
Geranospiza caerulescens_Azor Zancón
Gerygone igata_Gerigón Maorí
Gerygone mouki_Gerigón Pardo
Gerygone olivacea_Gerigón Gorjiblanco
Gerygone sulphurea_Gerigón Sulfúreo
Glareola pratincola_Canastera Común
Glaucestrilda caerulescens_Estrilda Azulada
Glaucidium brasilianum_Mochuelo Caburé
Glaucidium cuculoides_Mochuelo Cuco
Glaucidium gnoma_Mochuelo Californiano
Glaucidium nana_Mochuelo Patagón
Glaucidium perlatum_Mochuelo Perlado
Glaucidium peruanum_Mochuelo Peruano
Glaucidium radiatum_Mochuelo de Jungla
Glossopsitta concinna_Lori Almizclero
Glyphorynchus spirurus_Trepatroncos Picocuña
Gnorimopsar chopi_Chopí
Gracula indica_Miná Indio
Gracula religiosa_Miná Religioso
Gracupica contra_Estornino Pío
Gracupica nigricollis_Estornino Cuellinegro
Grallaria guatimalensis_Tororoí Cholino
Grallaria nuchalis_Tororoí Nuquicastaño
Grallaria quitensis_Tororoí Leonado
Grallaria ruficapilla_Tororoí Compadre
Grallaria saturata_Tororoí Ecuatorial
Grallina cyanoleuca_Grallina Australiana
Grammatoptila striata_Charlatán Estriado
Grus grus_Grulla Común
Gryllus assimilis_Gryllus assimilis
Gryllus fultoni_Southern Wood Cricket
Gryllus pennsylvanicus_Fall Field Cricket
Gryllus rubens_Southeastern Field Cricket
Gubernetes yetapa_Yetapá Grande
Guira guira_Pirincho
Gun_Gun
Gygis alba_Charrán Blanco
Gymnopithys bicolor_Hormiguero Bicolor
Gymnorhina tibicen_Verdugo Flautista
Gymnorhinus cyanocephalus_Chara Piñonera
Gymnoris xanthocollis_Gorrión Cuelligualdo
Habia fuscicauda_Habia Gorjirroja
Habia rubica_Habia Coronirroja
Haematopus bachmani_Ostrero Negro Norteamericano
Haematopus ostralegus_Ostrero Euroasiático
Haematopus palliatus_Ostrero Pío Americano
Haemorhous cassinii_Camachuelo de Cassin
Haemorhous mexicanus_Camachuelo Mexicano
Haemorhous purpureus_Camachuelo Purpúreo
Hafferia zeledoni_Hormiguero de Zeledón
Halcyon senegalensis_Alción Senegalés
Halcyon smyrnensis_Alción de Esmirna
Haliaeetus albicilla_Pigargo Europeo
Haliaeetus leucocephalus_Pigargo Americano
Haliaeetus leucogaster_Pigargo Oriental
Haliaeetus vocifer_Pigargo Vocinglero
Haliastur indus_Milano Brahmán
Harpactes erythrocephalus_Trogón Cabecirrojo
Hedydipna collaris_Suimanga Acollarado
Helmitheros vermivorum_Reinita Gusanera
Helopsaltes certhiola_Buscarla de Pallas
Hemignathus wilsoni_Akiapolaau
Hemithraupis guira_Tangara Guirá
Hemithraupis ruficapilla_Tangara Cabecirrufa
Hemitriccus margaritaceiventer_Titirijí Perlado
Hemixos castanonotus_Bulbul Castaño
Hemixos flavala_Bulbul Ceniciento
Henicorhina leucophrys_Cucarachero Pechigrís
Henicorhina leucosticta_Cucarachero Pechiblanco
Herpetotheres cachinnans_Halcón Reidor
Herpsilochmus atricapillus_Tiluchí Plomizo
Herpsilochmus rufimarginatus_Tiluchí Alirrufo Sureño
Heterophasia auricularis_Sibia de Formosa
Heterophasia capistrata_Sibia Rufa
Hieraaetus pennatus_Águila Calzada
Hierococcyx sparverioides_Cuco Grande
Hierococcyx varius_Cuco Chikra
Himantopus himantopus_Cigüeñuela Común
Himantopus leucocephalus_Cigüeñuela Australiana
Himantopus mexicanus_Cigüeñuela Cuellinegra
Himatione sanguinea_Apapane
Hippolais icterina_Zarcero Icterino
Hippolais polyglotta_Zarcero Políglota
Hirundinea ferruginea_Birro Común
Hirundo neoxena_Golondrina Australiana
Hirundo rustica_Golondrina Común
Horornis acanthizoides_Cetia Ventrigualdo
Horornis canturians_Cetia Manchú 
Horornis diphone_Cetia Japonés
Horornis fortipes_Cetia Montano
Human non-vocal_Human non-vocal
Human vocal_Human vocal
Human whistle_Human whistle
Hydrobates castro_Paíño de Madeira
Hydrobates leucorhous_Paíño Boreal
Hydrophasianus chirurgus_Jacana Colilarga
Hydroprogne caspia_Pagaza Piquirroja
Hyliola regilla_Pacific Chorus Frog
Hylocharis chrysura_Zafiro Bronceado
Hylocichla mustelina_Zorzalito Maculado
Hylomanes momotula_Momoto Enano
Hylophilus flavipes_Verdillo Paticlaro
Hylophilus poicilotis_Verdillo Coronado
Hylophylax naevioides_Hormiguero Moteado
Hypnelus ruficollis_Buco Bobito
Hypocnemis peruviana_Hormiguero Peruano
Hypoedaleus guttatus_Batará Goteado
Hypothymis azurea_Monarca Nuquinegro
Hypsipetes amaurotis_Bulbul Orejipardo
Hypsipetes ganeesa_Bulbul de Los Ghats
Hypsipetes leucocephalus_Bulbul Negro
Hypsipetes philippinus_Bulbul Filipino
Ibycter americanus_Caracara Gorjirrojo
Ichthyaetus melanocephalus_Gaviota Cabecinegra
Icteria virens_Reinita Grande
Icterus bullockii_Turpial de Bullock
Icterus cayanensis_Turpial Boyerito
Icterus chrysater_Turpial Dorsidorado
Icterus croconotus_Turpial Amazónico
Icterus cucullatus_Turpial Enmascarado
Icterus galbula_Turpial de Baltimore
Icterus graduacauda_Turpial de Audubon
Icterus gularis_Turpial de Altamira
Icterus icterus_Turpial Venezolano
Icterus mesomelas_Turpial Coliamarillo
Icterus nigrogularis_Turpial Amarillo
Icterus parisorum_Turpial de Scott
Icterus pectoralis_Turpial Pechipinto
Icterus pustulatus_Turpial Dorsilistado
Icterus pyrrhopterus_Turpial Variable
Icterus spurius_Turpial Castaño
Icterus wagleri_Turpial Culinegro
Ictinia mississippiensis_Elanio del Misisipi
Iduna caligata_Zarcero Escita
Iduna opaca_Zarcero Bereber
Iduna pallida_Zarcero Pálido
Iduna rama_Zarcero de Sykes
Ilicura militaris_Saltarín Militar
Incilius valliceps_Gulf Coast Toad
Indicator indicator_Indicador Grande
Indicator minor_Indicador Menor
Iole indica_Bulbul Cejiamarillo
Irena puella_Irena Dorsiazul
Ixobrychus exilis_Avetorillo Americano
Ixobrychus minutus_Avetorillo Común
Ixoreus naevius_Zorzal Pinto
Ixos mcclellandii_Bulbul de Mcclelland
Jacamerops aureus_Jacamará Grande
Jacana jacana_Jacana Suramericana
Jacana spinosa_Jacana Centroamericana
Junco hyemalis_Junco Ojioscuro
Junco phaeonotus_Junco Ojilumbre
Jynx torquilla_Torcecuello Euroasiático
Klais guimeti_Colibrí Cabeciazul
Kleinothraupis atropileus_Hemispingo Capirotado
Lagopus lagopus_Lagópodo Común
Lagopus muta_Lagópodo Alpino
Lalage melanoptera_Oruguero Cabecinegro
Lalage tricolor_Oruguero Tricolor
Lampornis clemenciae_Colibrí Gorjiazul
Lamprotornis chalybaeus_Estornino Orejiazul
Lamprotornis splendidus_Estornino Espléndido
Laniarius ferrugineus_Bubú Ferrugíneo
Laniarius funebris_Bubú Fúnebre
Laniarius major_Bubú Tropical
Lanius borealis_Alcaudón Boreal
Lanius bucephalus_Alcaudón Bucéfalo
Lanius collurio_Alcaudón Dorsirrojo
Lanius cristatus_Alcaudón Pardo
Lanius excubitor_Alcaudón Norteño
Lanius ludovicianus_Alcaudón Americano
Lanius meridionalis_Alcaudón Real
Lanius schach_Alcaudón Schach
Lanius senator_Alcaudón Común
Lanius vittatus_Alcaudón Dorsicastaño
Larosterna inca_Charrán Inca
Larus argentatus_Gaviota Argéntea
Larus cachinnans_Gaviota del Caspio
Larus californicus_Gaviota Californiana
Larus canus_Gaviota Cana
Larus delawarensis_Gaviota de Delaware
Larus dominicanus_Gaviota Cocinera
Larus fuscus_Gaviota Sombría
Larus glaucescens_Gaviota de Bering
Larus heermanni_Gaviota Mexicana
Larus hyperboreus_Gavión Hiperbóreo
Larus marinus_Gavión Atlántico
Larus michahellis_Gaviota Patiamarilla
Larus occidentalis_Gaviota Occidental
Larvivora brunnea_Ruiseñor Indio
Larvivora cyane_Ruiseñor Azul
Laterallus albigularis_Polluela Carrasqueadora
Laterallus exilis_Polluela Pechigrís
Laterallus jamaicensis_Polluela Negruzca
Laterallus melanophaius_Polluela Burrito
Laterallus ruber_Polluela Rojiza
Lathrotriccus euleri_Mosquero de Euler
Legatus leucophaius_Mosquero Pirata
Leiothlypis celata_Reinita Coroninaranja
Leiothlypis luciae_Reinita de Lucy
Leiothlypis peregrina_Reinita de Tennessee
Leiothlypis ruficapilla_Reinita de Nashville
Leiothlypis virginiae_Reinita de Virginia
Leiothrix lutea_Leiótrix Piquirrojo
Leistes bellicosus_Loica Peruana
Leistes loyca_Loica Común
Leistes militaris_Loica Pechirroja
Leistes superciliaris_Loica Cejiblanca
Lepidocolaptes affinis_Trepatroncos Coronipunteado
Lepidocolaptes angustirostris_Trepatroncos Chico
Lepidocolaptes lacrymiger_Trepatroncos Montano
Lepidocolaptes souleyetii_Trepatroncos Cabecirrayado
Lepidothrix coronata_Saltarín Coroniazul
Leptasthenura aegithaloides_Tijeral Colinegro
Leptocoma minima_Suimanga Mínimo
Leptocoma zeylonica_Suimanga Cingalés
Leptodon cayanensis_Milano Cabecigrís
Leptopogon amaurocephalus_Orejero Coronipardo
Leptopogon rufipectus_Orejero Pechirrufo
Leptopogon superciliaris_Orejero Coronigrís
Leptotila rufaxilla_Paloma Montaraz Frentiblanca
Leptotila verreauxi_Paloma Montaraz Común
Leucochloris albicollis_Colibrí Gargantilla
Leucophaeus atricilla_Gaviota Guanaguanare
Leucophaeus pipixcan_Gaviota Pipizcan
Leucosticte tephrocotis_Pinzón Montano Nuquigrís
Lichmera indistincta_Mielero Pardo
Limnodromus griseus_Agujeta Gris
Limnodromus scolopaceus_Agujeta Escolopácea
Limnothlypis swainsonii_Reinita de Swainson
Limosa fedoa_Aguja Canela
Limosa haemastica_Aguja Café
Limosa lapponica_Aguja Colipinta
Limosa limosa_Aguja Colinegra
Linaria cannabina_Pardillo Común
Linaria flavirostris_Pardillo Piquigualdo
Liocichla steerii_Charlatán de Steere
Lipaugus unirufus_Guardabosques Rojizo
Lipaugus vociferans_Guardabosques Gritón
Lithobates catesbeianus_American Bullfrog
Lithobates clamitans_Green Frog
Lithobates palustris_Pickerel Frog
Lithobates sylvaticus_Wood Frog
Lochmias nematura_Riachuelero
Locustella luscinioides_Buscarla Unicolor
Locustella naevia_Buscarla Pintoja
Lonchura atricapilla_Capuchino Castaño
Lonchura punctulata_Capuchino Punteado
Lonchura striata_Capuchino Culiblanco
Lophoceros alboterminatus_Toco Coronado
Lophoceros nasutus_Toco Piquinegro
Lophodytes cucullatus_Serreta Capuchona
Lophophanes cristatus_Herrerillo Capuchino
Lophostrix cristata_Búho Corniblanco
Lophotriccus pileatus_Cimerillo Andino
Lophura leucomelanos_Faisán Kálij
Loriculus vernalis_Lorículo Vernal
Loxia curvirostra_Piquituerto Común
Loxia leucoptera_Piquituerto Aliblanco
Loxioides bailleui_Palila de Hawai
Loxops caeruleirostris_Akepa de Kauai
Loxops coccineus_Akepa de Hawai
Loxops mana_Akikiki de Hawai
Lullula arborea_Alondra Totovía
Lurocalis semitorquatus_Añapero Colicorto
Luscinia luscinia_Ruiseñor Ruso
Luscinia megarhynchos_Ruiseñor Común
Luscinia svecica_Ruiseñor Pechiazul
Lybius torquatus_Barbudo de Collar Negro
Lymnocryptes minimus_Agachadiza Chica
Machaeropterus deliciosus_Saltarín Alitorcido
Machetornis rixosa_Picabuey
Machlolophus spilonotus_Carbonero Carigualdo Chino
Mackenziaena severa_Batará Copetón
Macropygia phasianella_Tórtola Cuco Parda
Malacocincla abbotti_Tordina de Abbott
Malaconotus blanchoti_Gladiador Cabecigrís
Malurus cyaneus_Maluro Soberbio
Manacus candei_Saltarín Cuelliblanco
Manacus manacus_Saltarín Barbiblanco
Manacus vitellinus_Saltarín Cuellidorado
Manorina melanocephala_Mielero Chillón
Manorina melanophrys_Mielero Cejinegro
Mareca americana_Silbón Americano
Mareca penelope_Silbón Europeo
Mareca strepera_Ánade Friso
Margarops fuscatus_Cuitlacoche Chucho
Mecocerculus leucophrys_Piojito Gargantilla
Mecocerculus stictopterus_Piojito Alifranjeado
Megaceryle alcyon_Martín Gigante Norteamericano
Megaceryle torquata_Martín Gigante Neotropical
Megalurus palustris_Yerbera Palustre
Megapodius reinwardt_Talégalo de Reinwardt
Megarynchus pitangua_Bienteveo Pitanguá
Megascops asio_Autillo Yanqui
Megascops choliba_Autillo Chóliba
Megascops kennicottii_Autillo Californiano
Megascops trichopsis_Autillo Bigotudo
Megascops watsonii_Autillo del Amazonas
Melanerpes aurifrons_Carpintero Frentidorado
Melanerpes candidus_Carpintero Blanco
Melanerpes carolinus_Carpintero de Carolina
Melanerpes chrysogenys_Carpintero Cariamarillo
Melanerpes cruentatus_Carpintero Azulado
Melanerpes erythrocephalus_Carpintero Cabecirrojo
Melanerpes flavifrons_Carpintero Arcoiris
Melanerpes formicivorus_Carpintero Bellotero
Melanerpes hoffmannii_Carpintero de Hoffmann
Melanerpes lewis_Carpintero de Lewis
Melanerpes rubricapillus_Carpintero Coronirrojo
Melanerpes uropygialis_Carpintero de Gila
Melanitta americana_Negrón Americano
Melanitta nigra_Negrón Común
Melanochlora sultanea_Carbonero Sultán
Melanocorypha calandra_Calandria Común
Melanoptila glabrirostris_Pájaro Gato Negro
Melanospiza bicolor_Semillero Biocolor
Melanotis caerulescens_Mulato Azul
Melanotis hypoleucus_Mulato Pechiblanco
Meleagris gallopavo_Guajolote Gallipavo
Meliphaga lewinii_Mielero de Lewin
Melithreptus albogularis_Mielero Goliblanco
Melospiza georgiana_Chingolo Pantanero
Melospiza lincolnii_Chingolo de Lincoln
Melospiza melodia_Chingolo Cantor
Melozone aberti_Toquí de Abert
Melozone albicollis_Toquí Oaxaqueño
Melozone crissalis_Toquí Californiano
Melozone fusca_Toquí Pardo
Menura novaehollandiae_Ave Lira Soberbia
Mergus merganser_Serreta Grande
Mergus serrator_Serreta Mediana
Merops apiaster_Abejaruco Europeo
Merops orientalis_Abejaruco Esmeralda
Merops ornatus_Abejaruco Australiano
Merops persicus_Abejaruco Persa
Merops philippinus_Abejaruco Coliazul
Mesembrinibis cayennensis_Ibis Verde
Metallura tyrianthina_Metalura Tiria
Metopidius indicus_Jacana Bronceada
Micrastur ruficollis_Halcón Montés Agavilanado
Micrastur semitorquatus_Halcón Montés Collarejo
Micrathene whitneyi_Mochuelo de Los Saguaros
Microbates cinereiventris_Soterillo Caricastaño
Microcentrum rhombifolium_Greater Angle-wing
Microcerculus marginatus_Cucarachero Ruiseñor Sureño
Microcerculus philomela_Cucarachero Ruiseñor Norteño
Microeca flavigaster_Petroica Limón
Micropternus brachyurus_Carpintero Rufo
Microrhopias quixensis_Hormiguerito del Quijos
Milvago chimachima_Caracara Chimachima
Milvago chimango_Caracara Chimango
Milvus migrans_Milano Negro
Milvus milvus_Milano Real
Mimus gilvus_Sinsonte Tropical
Mimus longicaudatus_Sinsonte Colilargo
Mimus polyglottos_Sinsonte Norteño
Mimus saturninus_Sinsonte Calandria
Mimus thenca_Sinsonte Tenca
Miogryllus saussurei_Miogryllus saussurei
Mionectes oleagineus_Mosquero Aceitunado
Mionectes olivaceus_Mosquero Oliváceo
Mionectes rufiventris_Mosquero Ladrillito
Mirafra affinis_Alondra de Jerdon
Mirafra africana_Alondra Nuquirrufa
Mirafra erythroptera_Alondra India
Mirafra javanica_Alondra de Java
Mitrephanes phaeocercus_Mosquero Moñudo Común
Mitrospingus cassinii_Tangara Carinegruzca
Mixornis gularis_Timalí Goliestriado
Mniotilta varia_Reinita Trepadora
Mohoua albicilla_Mohoua Cabeciblanco
Molothrus aeneus_Tordo Ojirrojo
Molothrus ater_Tordo Cabecipardo
Molothrus bonariensis_Tordo Renegrido
Molothrus oryzivorus_Tordo Gigante
Molothrus rufoaxillaris_Tordo Chillón
Momotus aequatorialis_Momoto Serrano
Momotus lessonii_Momoto Diademado
Momotus mexicanus_Momoto Mexicano
Momotus momota_Momoto Amazónico
Momotus subrufescens_Momoto Rojizo
Monasa morphoeus_Monja Frentiblanca
Monasa nigrifrons_Monja Unicolor
Monticola saxatilis_Roquero Rojo
Monticola solitarius_Roquero Solitario
Morococcyx erythropygus_Cuclillo Bobo
Morus bassanus_Alcatraz Atlántico
Motacilla aguimp_Lavandera Africana
Motacilla alba_Lavandera Blanca
Motacilla cinerea_Lavandera Cascadeña
Motacilla citreola_Lavandera Cetrina
Motacilla flava_Lavandera Boyera
Motacilla maderaspatensis_Lavandera India
Motacilla tschutschensis_Lavandera de Chukotka
Muscicapa adusta_Papamoscas Sombrío
Muscicapa dauurica_Papamoscas Asiático
Muscicapa griseisticta_Papamoscas Estriado
Muscicapa striata_Papamoscas Gris
Mustelirallus albicollis_Polluela Turura
Myadestes melanops_Solitario Carinegro
Myadestes obscurus_Solitario Omao
Myadestes occidentalis_Solitario Dorsipardo
Myadestes palmeri_Solitario Puaiohi
Myadestes ralloides_Solitario Andino
Myadestes townsendi_Solitario Norteño
Myadestes unicolor_Solitario Unicolor
Myiagra alecto_Monarca Reluciente
Myiagra inquieta_Monarca Inquieto
Myiagra rubecula_Monarca Plomizo
Myiarchus cephalotes_Copetón Montañero
Myiarchus cinerascens_Copetón Cenizo
Myiarchus crinitus_Copetón Viajero
Myiarchus ferox_Copetón Feroz
Myiarchus nuttingi_Copetón de Nutting
Myiarchus sagrae_Copetón de De La Sagra
Myiarchus swainsoni_Copetón de Swainson
Myiarchus tuberculifer_Copetón Capirotado
Myiarchus tyrannulus_Copetón Tiranillo
Myioborus melanocephalus_Candelita de Anteojos
Myioborus miniatus_Candelita Plomiza
Myioborus ornatus_Candelita Adornada
Myioborus pictus_Candelita Aliblanca
Myiodynastes chrysocephalus_Bienteveo Coronidorado
Myiodynastes luteiventris_Bienteveo Ventriazufrado
Myiodynastes maculatus_Bienteveo Rayado
Myiomela leucura_Ruiseñor Coliblanco
Myiopagis caniceps_Fiofío Gris
Myiopagis gaimardii_Fiofío Selvático
Myiopagis viridicata_Fiofío Verdoso
Myiophobus fasciatus_Mosquero Estriado
Myiopsitta monachus_Cotorra Argentina
Myiornis atricapillus_Mosqueta Capirotada
Myiornis auricularis_Mosqueta Enana
Myiornis ecaudatus_Mosqueta Colicorta
Myiotheretes striaticollis_Birro Grande
Myiothlypis coronata_Reinita Coronirroja
Myiothlypis flaveola_Reinita Amarillenta
Myiothlypis fulvicauda_Reinita Culiparda
Myiothlypis leucoblephara_Reinita Silbona
Myiothlypis nigrocristata_Reinita Crestinegra
Myiothlypis rivularis_Reinita Ribereña
Myiotriccus ornatus_Mosquerito Adornado
Myiozetetes cayanensis_Bienteveo Alicastaño
Myiozetetes granadensis_Bienteveo Cabecigrís
Myiozetetes similis_Bienteveo Sociable
Myophonus caeruleus_Arrenga Común
Myophonus horsfieldii_Arrenga Indio
Myrmeciza longipes_Hormiguero Ventriblanco
Myrmoborus leucophrys_Hormiguero Cejiblanco
Myrmoborus myotherinus_Hormiguero Carinegro
Myrmophylax atrothorax_Hormiguero Gorjinegro
Myrmothera dives_Tororoí Ventricanela Colombiano
Myrmotherula axillaris_Hormiguerito Flanquialbo
Myrmotherula brachyura_Hormiguerito Pigmeo
Myrmotherula menetriesii_Hormiguerito Gris
Myrmotherula pacifica_Hormiguerito del Pacífico
Myrmotherula schisticolor_Hormiguerito Pizarroso
Myzomela sanguinolenta_Mielero Escarlata
Nannopterum auritum_Cormorán Orejudo
Nannopterum brasilianum_Cormorán Biguá
Nasica longirostris_Trepatroncos Piquilargo
Nectarinia famosa_Suimanga Malaquita
Nemosia pileata_Tangara Encapuchada
Neoconocephalus bivocatus_False Robust Conehead
Neoconocephalus ensiger_Sword-bearing Conehead
Neoconocephalus retusus_Round-tipped Conehead
Neoconocephalus robustus_Robust Conehead
Neonemobius cubensis_Cuban Ground Cricket
Nesoptilotis flavicollis_Mielero Cuelligualdo
Nilaus afer_Brubrú
Niltava grandis_Papamoscas Grande
Niltava macgrigoriae_Papamoscas de Mcgrigor
Ninox boobook_Nínox Australiano
Ninox novaeseelandiae_Nínox Maorí
Ninox scutulata_Nínox Pardo
Ninox strenua_Nínox Robusto
Nisaetus cirrhatus_Águila Variable
Noise_Noise
Notharchus hyperrhynchus_Buco Picogordo Occidental
Notharchus tectus_Buco Pío
Nothura maculosa_Tinamú Manchado
Nucifraga caryocatactes_Cascanueces Común
Nucifraga columbiana_Cascanueces Americano
Numenius americanus_Zarapito Americano
Numenius arquata_Zarapito Real
Numenius phaeopus_Zarapito Trinador
Numenius tahitiensis_Zarapito del Pacífico
Numida meleagris_Pintada Común
Nyctanassa violacea_Martinete Coronado
Nyctibius grandis_Nictibio Grande
Nyctibius griseus_Nictibio Urutaú
Nycticorax nycticorax_Martinete Común
Nyctidromus albicollis_Chotacabras Pauraque
Nystalus chacuru_Buco Chacurú
Nystalus maculatus_Buco Durmilí
Ochthoeca cinnamomeiventris_Pitajo Negro
Ochthoeca fumicolor_Pitajo Dorsipardo
Ochthoeca rufipectoralis_Pitajo Pechirrufo
Ocreatus underwoodii_Colibrí de Raquetas
Ocyceros birostris_Cálao Gris Indio
Ocyceros griseus_Cálao Gris Malabar
Odocoileus virginianus_White-tailed Deer
Odontophorus guttatus_Corcovado Goteado
Odontophorus hyperythrus_Corcovado Castaño
Oecanthus celerinictus_Fast-calling Tree Cricket
Oecanthus exclamationis_Davis's Tree Cricket
Oecanthus fultoni_Snowy Tree Cricket
Oecanthus nigricornis_Blackhorned Tree Cricket
Oecanthus niveus_Narrow-winged Tree Cricket
Oecanthus pini_Pine Tree Cricket
Oecanthus quadripunctatus_Four-spotted Tree Cricket
Oenanthe fusca_Colinegro Indio
Oenanthe isabellina_Collalba Isabel
Oenanthe oenanthe_Collalba Gris
Oncostoma cinereigulare_Mosquerito Piquicurvo Norteño
Onychoprion fuscatus_Charrán Sombrío
Onychoprion lunatus_Charrán Lunado
Onychorhynchus coronatus_Mosquero Real
Opisthocomus hoazin_Hoazín
Oporornis agilis_Reinita de Connecticut
Orchelimum agile_Agile Meadow Katydid
Orchelimum concinnum_Stripe-faced Meadow Katydid
Orchelimum pulchellum_Handsome Meadow Katydid
Oreomystis bairdi_Akikiki de Kauai
Oreortyx pictus_Colín Serrano
Oreoscoptes montanus_Cuitlacoche de Las Artemisas
Oreothlypis superciliosa_Reinita Cejuda
Oriolus chinensis_Oropéndola China
Oriolus flavocinctus_Oropéndola Verdosa
Oriolus kundoo_Oropéndola India
Oriolus larvatus_Oropéndola Enmascarada
Oriolus oriolus_Oropéndola Europea
Oriolus sagittatus_Oropéndola Estriada
Oriolus traillii_Oropéndola Granate
Oriolus xanthornus_Oropéndola Encapuchada
Ornithion brunneicapillus_Mosquerito Coronipardo
Ornithion inerme_Mosquerito Moteado
Orocharis saltator_Jumping Bush Cricket
Ortalis canicollis_Chachalaca Charata
Ortalis cinereiceps_Chachalaca Cabecigrís
Ortalis columbiana_Chachalaca Colombiana
Ortalis guttata_Chachalaca Moteada
Ortalis leucogastra_Chachalaca Ventriblanca
Ortalis poliocephala_Chachalaca Pechigrís
Ortalis ruficauda_Chachalaca Culirroja
Ortalis vetula_Chachalaca Norteña
Orthopsittaca manilatus_Guacamayo Ventrirrojo
Orthotomus atrogularis_Sastrecillo Cuellinegro
Orthotomus ruficeps_Sastrecillo Ceniciento
Orthotomus sericeus_Sastrecillo Colirrufo
Orthotomus sutorius_Sastrecillo Común
Ortygornis pondicerianus_Francolín Gris
Otus bakkamoena_Autillo Indio
Otus lettia_Autillo Chino
Otus scops_Autillo Europeo
Otus spilocephalus_Autillo Montano
Oxyura jamaicensis_Malvasía Canela
Pachycephala pectoralis_Silbador Dorado
Pachycephala rufiventris_Silbador Rufo
Pachyramphus aglaiae_Anambé Degollado
Pachyramphus castaneus_Anambé Castaño
Pachyramphus cinnamomeus_Anambé Canelo
Pachyramphus polychopterus_Anambé Aliblanco
Pachyramphus validus_Anambé Grande
Pachyramphus versicolor_Anambé Barrado
Pachyramphus viridis_Anambé Verdoso
Pachysylvia aurantiifrons_Verdillo Luisucho
Pachysylvia decurtata_Verdillo Menor
Pachysylvia hypoxantha_Verdillo Ventriamarillo
Pachysylvia semibrunnea_Verdillo Nuquirrufo
Padda oryzivora_Capuchino Arrocero de Java
Palmeria dolei_Akohekohe
Pandion haliaetus_Águila Pescadora
Panurus biarmicus_Bigotudo
Parabuteo unicinctus_Busardo Mixto
Pardalotus punctatus_Pardalote Moteado
Pardalotus striatus_Pardalote Estriado
Pardirallus nigricans_Rascón Negruzco
Pardirallus sanguinolentus_Rascón Gallineta
Parkesia motacilla_Reinita Charquera de Luisiana
Parkesia noveboracensis_Reinita Charquera Norteña
Paroaria capitata_Cardenilla Piquigualda
Paroaria coronata_Cardenilla Crestada
Paroreomyza montana_Alauahio de Maui
Parus cinereus_Carbonero Indio
Parus major_Carbonero Común
Parus minor_Carbonero Japonés
Parus monticolus_Carbonero Dorsiverde
Passer cinnamomeus_Gorrión Rutilante
Passer domesticus_Gorrión Común
Passer griseus_Gorrión Gris
Passer hispaniolensis_Gorrión Moruno
Passer italiae_Gorrión Italiano
Passer montanus_Gorrión Molinero
Passerculus sandwichensis_Chingolo Sabanero
Passerella iliaca_Chingolo Zorruno
Passerina amoena_Azulillo Lapislázuli
Passerina caerulea_Azulillo Grande
Passerina ciris_Azulillo Sietecolores
Passerina cyanea_Azulillo Índigo
Passerina versicolor_Azulillo Morado
Pastor roseus_Estornino Rosado
Patagioenas cayennensis_Paloma Colorada
Patagioenas fasciata_Paloma Torcaza
Patagioenas flavirostris_Paloma Piquirroja
Patagioenas nigrirostris_Paloma Piquicorta
Patagioenas picazuro_Paloma Picazuró
Patagioenas plumbea_Paloma Plomiza
Patagioenas speciosa_Paloma Escamosa
Patagioenas subvinacea_Paloma Vinosa
Patagona gigas_Colibrí Gigante
Pavo cristatus_Pavo Real Común
Pelargopsis capensis_Alción Picocigüeña
Pellorneum ruficeps_Tordina Pechiestriada
Penelope jacquacu_Pava Amazónica
Penelope montagnii_Pava Andina
Penelope obscura_Pava Oscura
Penelope purpurascens_Pava Cojolita
Perdicula asiatica_Perdicilla Golirroja
Perdix perdix_Perdiz Pardilla
Pericrocotus cinnamomeus_Minivet Chico
Pericrocotus divaricatus_Minivet Ceniciento
Pericrocotus ethologus_Minivet Colilargo
Pericrocotus flammeus_Minivet Naranja
Pericrocotus speciosus_Minivet Escarlata
Periparus ater_Carbonero Garrapinos
Perisoreus canadensis_Arrendajo Canadiense
Pernis apivorus_Abejero Europeo
Pernis ptilorhynchus_Abejero Oriental
Petrochelidon fulva_Golondrina Pueblera
Petrochelidon pyrrhonota_Golondrina Risquera
Petroica macrocephala_Petroica Carbonera
Petronia petronia_Gorrión Chillón
Peucaea aestivalis_Chingolo de Bachman
Peucaea botterii_Chingolo de Botteri
Peucaea carpalis_Chingolo Alirrufo
Peucaea cassinii_Chingolo de Cassin
Peucaea ruficauda_Chingolo Cabecilistado
Peucedramus taeniatus_Ocotero
Phacellodomus ruber_Espinero Grande
Phacellodomus rufifrons_Espinero Común
Phacellodomus striaticollis_Espinero Pechirrayado
Phaeochroa cuvierii_Colibrí de Cuvier
Phaeomyias murina_Piojito Pardo
Phaethon lepturus_Rabijunco Menor
Phaethon rubricauda_Rabijunco Colirrojo
Phaethornis eurynome_Ermitaño Escamoso
Phaethornis guy_Ermitaño Verde
Phaethornis longirostris_Ermitaño Piquilargo
Phaethornis ruber_Ermitaño Rojizo
Phaethornis striigularis_Ermitaño Gorjiestriado
Phaethornis yaruqui_Ermitaño de Yaruqui
Phaetusa simplex_Charrán Picudo
Phainopepla nitens_Capulinero Negro
Phalacrocorax carbo_Cormorán Grande
Phalaenoptilus nuttallii_Chotacabras Pachacua
Phalaropus fulicarius_Falaropo Picogrueso
Phalaropus lobatus_Falaropo Picofino
Phalaropus tricolor_Falaropo Tricolor
Pharomachrus auriceps_Quetzal Cabecidorado
Pharomachrus mocinno_Quetzal Guatemalteco
Phasianus colchicus_Faisán Vulgar
Pheucticus aureoventris_Picogrueso Dorsinegro
Pheucticus chrysogaster_Picogrueso Ventriamarillo
Pheucticus chrysopeplus_Picogrueso Amarillo
Pheucticus ludovicianus_Picogrueso Pechirrosado
Pheucticus melanocephalus_Picogrueso Cabecinegro
Pheugopedius atrogularis_Cucarachero Gorjinegro
Pheugopedius coraya_Cucarachero Coraya
Pheugopedius euophrys_Cucarachero Coliliso
Pheugopedius fasciatoventris_Cucarachero Ventrinegro
Pheugopedius felix_Cucarachero Feliz
Pheugopedius genibarbis_Cucarachero Bigotudo Brasileño
Pheugopedius maculipectus_Cucarachero Pinto
Pheugopedius mystacalis_Cucarachero Bigotudo Montano
Pheugopedius rutilus_Cucarachero Pechirrufo
Pheugopedius sclateri_Cucarachero Jaspeado
Philemon buceroides_Filemón de Yelmo
Philemon citreogularis_Filemón Goligualdo
Philemon corniculatus_Filemón Chillón
Phleocryptes melanops_Junquero
Phoebastria immutabilis_Albatros de Laysan
Phoebastria nigripes_Albatros Patinegro
Phoenicopterus roseus_Flamenco Común
Phoeniculus purpureus_Abubilla Arbórea Verde
Phoenicurus auroreus_Colirrojo Dáurico
Phoenicurus fuliginosus_Colirrojo Fuliginoso
Phoenicurus ochruros_Colirrojo Tizón
Phoenicurus phoenicurus_Colirrojo Real
Phrygilus gayi_Yal Cabecigrís
Phrygilus patagonicus_Yal Patagón
Phylidonyris novaehollandiae_Mielero de Nueva Holanda
Phylidonyris pyrrhopterus_Mielero Alafuego
Phyllergates cucullatus_Sastrecillo Montano
Phyllomyias fasciatus_Mosquerito Oliváceo
Phyllomyias griseiceps_Mosquerito Cabecigrís
Phyllomyias nigrocapillus_Mosquerito Capirotado
Phyllopalpus pulchellus_Handsome Trig
Phylloscartes ophthalmicus_Orejerito Jaspeado
Phylloscartes ventralis_Orejerito Oliváceo
Phylloscopus bonelli_Mosquitero Papialbo
Phylloscopus borealis_Mosquitero Boreal
Phylloscopus collybita_Mosquitero Común
Phylloscopus coronatus_Mosquitero Coronado
Phylloscopus fuscatus_Mosquitero Sombrío
Phylloscopus humei_Mosquitero de Hume
Phylloscopus ibericus_Mosquitero Ibérico
Phylloscopus inornatus_Mosquitero Bilistado
Phylloscopus maculipennis_Mosquitero Gorjigrís
Phylloscopus magnirostris_Mosquitero Picudo
Phylloscopus nitidus_Mosquitero del Cáucaso
Phylloscopus plumbeitarsus_Mosquitero Patigrís
Phylloscopus proregulus_Mosquitero de Pallas
Phylloscopus pulcher_Mosquitero Elegante
Phylloscopus reguloides_Mosquitero de Blyth
Phylloscopus schwarzi_Mosquitero de Schwarz
Phylloscopus sibilatrix_Mosquitero Silbador
Phylloscopus tenellipes_Mosquitero Paticlaro
Phylloscopus trochiloides_Mosquitero Verdoso
Phylloscopus trochilus_Mosquitero Musical
Phylloscopus whistleri_Mosquitero de Whistler
Phylloscopus xanthoschistos_Mosquitero Cabecigrís
Phytotoma rutila_Cortarramas Argentino
Piaya cayana_Cuco Ardilla Común
Pica hudsonia_Urraca de Hudson
Pica nuttalli_Urraca de Nuttall
Pica pica_Urraca Común
Picoides arcticus_Pico Ártico
Picoides dorsalis_Pico Tridáctilo Americano
Piculus flavigula_Carpintero Gorjigualdo
Picumnus cirratus_Carpinterito Variable
Picumnus temminckii_Carpinterito Cuellicanela
Picus canus_Pito Cano
Picus chlorolophus_Pito Crestigualdo
Picus sharpei_Pito Ibérico
Picus viridis_Pito Euroasiático
Pinicola enucleator_Camachuelo Picogrueso
Pionites melanocephalus_Lorito Chirlecrés
Pionus chalcopterus_Loro Alibronceado
Pionus maximiliani_Loro Choclero
Pionus menstruus_Loro Cabeciazul
Pionus senilis_Loro Senil
Pionus sordidus_Loro Piquirrojo
Pionus tumultuosus_Loro Tumultuoso
Pipile cumanensis_Pava Goliazul
Pipilo chlorurus_Toquí Coliverde
Pipilo erythrophthalmus_Toquí Flanquirrufo
Pipilo maculatus_Toquí Moteado
Pipra fasciicauda_Saltarín Naranja
Pipraeidea melanonota_Tangara de Antifaz
Pipreola riefferii_Frutero Verdinegro
Piprites chloris_Piprites Verde
Piranga bidentata_Piranga Estriada
Piranga flava_Piranga Bermeja
Piranga leucoptera_Piranga Aliblanca
Piranga ludoviciana_Piranga Carirroja
Piranga olivacea_Piranga Escarlata
Piranga rubra_Piranga Roja
Pitangus lictor_Bienteveo Chico
Pitangus sulphuratus_Bienteveo Común
Pitta brachyura_Pita India
Platycercus caledonicus_Perico de Tasmania
Platycercus elegans_Perico Elegante
Platycercus eximius_Perico Multicolor
Platyrinchus coronatus_Picoplano Coronado
Platyrinchus mystaceus_Picoplano Bigotudo
Platysteira cyanea_Batis Carunculado Gorjipardo
Plectrophenax nivalis_Escribano Nival
Plegadis chihi_Morito Cariblanco
Plegadis falcinellus_Morito Común
Plocepasser mahali_Tejedor Gorrión Cejiblanco
Ploceus cucullatus_Tejedor Africano
Ploceus manyar_Tejedor Estriado
Ploceus philippinus_Tejedor Baya
Pluvialis apricaria_Chorlito Dorado Europeo
Pluvialis dominica_Chorlito Dorado Americano
Pluvialis fulva_Chorlito Dorado Siberiano
Pluvialis squatarola_Chorlito Gris
Pnoepyga pusilla_Ratina Pigmea
Podiceps auritus_Zampullín Cuellirrojo
Podiceps cristatus_Somormujo Lavanco
Podiceps grisegena_Somormujo Cuellirrojo
Podiceps nigricollis_Zampullín Cuellinegro
Podilymbus podiceps_Zampullín Picogrueso
Poecile atricapillus_Carbonero Cabecinegro
Poecile carolinensis_Carbonero de Carolina
Poecile gambeli_Carbonero Montañés
Poecile hudsonicus_Carbonero Boreal
Poecile montanus_Carbonero Montano
Poecile palustris_Carbonero Palustre
Poecile rufescens_Carbonero Dorsicastaño
Poecile sclateri_Carbonero Mexicano
Poecilotriccus plumbeiceps_Titirijí Cabecicanela
Poecilotriccus sylvia_Titirijí Gris
Pogoniulus bilineatus_Barbudito Culigualdo
Pogoniulus chrysoconus_Barbudito Frentigualdo
Pogoniulus pusillus_Barbudito Frentirrojo
Poliocrania exsul_Hormiguero Dorsicastaño
Polioptila albiloris_Perlita Cejiblanca
Polioptila bilineata_Perlita Cejiancha
Polioptila caerulea_Perlita Grisilla
Polioptila californica_Perlita Californiana
Polioptila dumicola_Perlita Azul
Polioptila melanura_Perlita Colinegra
Polioptila nigriceps_Perlita Capirotada
Polioptila plumbea_Perlita Tropical
Pomatorhinus horsfieldii_Cimitarra India
Pomatorhinus musicus_Cimitarra de Formosa
Pomatorhinus ruficollis_Cimitarra Cuellirrufa
Pomatorhinus schisticeps_Cimitarra Cejiblanca
Poodytes gramineus_Yerbera Chica
Pooecetes gramineus_Chingolo Coliblanco
Poospiza nigrorufa_Monterita Sietevestidos Pampera
Porphyrio martinica_Calamoncillo Americano
Porphyrio melanotus_Calamón Australiano
Porphyrio poliocephalus_Calamón Cabecigrís
Porphyrio porphyrio_Calamón Común
Porzana carolina_Polluela Sora
Porzana porzana_Polluela Pintoja
Power tools_Power tools
Premnoplex brunnescens_Subepalo Moteado
Prinia flaviventris_Prinia Ventriamarilla
Prinia gracilis_Prinia Grácil
Prinia hodgsonii_Prinia de Hodgson
Prinia inornata_Prinia Sencilla
Prinia maculosa_Prinia del Karoo
Prinia rufescens_Prinia Rojiza
Prinia socialis_Prinia Cenicienta
Prinia subflava_Prinia Modesta
Prinia sylvatica_Prinia Selvática
Procnias nudicollis_Campanero Meridional
Procnias tricarunculatus_Campanero Tricarunculado
Progne chalybea_Golondrina Pechigrís
Progne subis_Golondrina Purpúrea
Progne tapera_Golondrina Parda
Prosthemadera novaeseelandiae_Mielero Tui
Protonotaria citrea_Reinita Protonotaria
Prunella collaris_Acentor Alpino
Prunella modularis_Acentor Común
Psaltriparus minimus_Mito Sastrecillo
Psarocolius angustifrons_Cacique Dorsirrufo
Psarocolius bifasciatus_Cacique de Pará
Psarocolius decumanus_Cacique Crestado
Psarocolius montezuma_Cacique de Moctezuma
Psarocolius wagleri_Cacique Cabecicastaño
Pseudacris brimleyi_Brimley's Chorus Frog
Pseudacris clarkii_Spotted Chorus Frog
Pseudacris crucifer_Spring Peeper
Pseudacris feriarum_Upland Chorus Frog
Pseudacris nigrita_Southern Chorus Frog
Pseudacris ocularis_Little Grass Frog
Pseudacris ornata_Ornate Chorus Frog
Pseudacris streckeri_Strecker's Chorus Frog
Pseudacris triseriata_Striped Chorus Frog
Pseudasthenes humicola_Canastero Colinegro
Pseudibis papillosa_Ibis Verrugoso
Pseudocolaptes boissonneautii_Trepamusgos Barbablanca Andino
Pseudoleistes guirahuro_Tordo Güirahuró
Pseudoleistes virescens_Tordo Pechiamarillo
Pseudonestor xanthophrys_Pseudonestor
Pseudopipra pipra_Saltarín Coroniblanco
Pseudoseisura lophotes_Cacholote Castaño
Psilopogon asiaticus_Barbudo Gorjiazul Común
Psilopogon chrysopogon_Barbudo Carigualdo
Psilopogon duvaucelii_Barbudo Orejiazul
Psilopogon franklinii_Barbudo de Franklin
Psilopogon haemacephalus_Barbudo Calderero
Psilopogon lineatus_Barbudo Listado
Psilopogon malabaricus_Barbudo Malabar
Psilopogon mystacophanos_Barbudo Arlequín
Psilopogon nuchalis_Barbudo de Formosa
Psilopogon virens_Barbudo Grande
Psilopogon viridis_Barbudo Cariblanco
Psilopogon zeylanicus_Barbudo Cabecipardo
Psilorhinus morio_Chara Papán
Psiloscops flammeolus_Autillo Flamulado
Psittacara erythrogenys_Aratinga de Guayaquil
Psittacara holochlorus_Aratinga Verde
Psittacara leucophthalmus_Aratinga Ojiblanca
Psittacara mitratus_Aratinga Mitrada
Psittacara wagleri_Aratinga de Wagler
Psittacula alexandri_Cotorra Pechirroja
Psittacula columboides_Cotorra de Malabar
Psittacula cyanocephala_Cotorra Cabeciazul
Psittacula eupatria_Cotorra Alejandrina
Psittacula krameri_Cotorra de Kramer
Psittacus erithacus_Loro Yaco
Psophodes olivaceus_Zordala Crestada Oriental
Pternistis erckelii_Francolín de Erckel
Pterocles exustus_Ganga Moruna
Pterodroma cookii_Petrel de Cook
Pterodroma externa_Petrel de Las Juan Fernández
Pterodroma inexpectata_Petrel Moteado
Pterodroma neglecta_Petrel de Las Kermadec
Pterodroma nigripennis_Petrel Alinegro
Pterodroma sandwichensis_Petrel Hawaiano
Pteroglossus aracari_Arasarí Cuellinegro
Pteroglossus castanotis_Arasarí Caripardo
Pteroglossus torquatus_Arasarí Acollarado
Pterophylla camellifolia_Common True Katydid
Pteroptochos megapodius_Huet-Huet Turca
Pterorhinus chinensis_Charlatán Golinegro
Pteruthius aeralatus_Vireo Alcaudón de Blyth
Ptilinopus magnificus_Tilopo Magnífico
Ptiliogonys caudatus_Capulinero Colilargo
Ptiliogonys cinereus_Capulinero Gris
Ptilonorhynchus violaceus_Pergolero Satinado
Ptilotula fusca_Mielero Fusco
Ptilotula penicillata_Mielero Empenachado
Ptyonoprogne rupestris_Avión Roquero
Puffinus nativitatis_Pardela de Navidad
Puffinus newelli_Pardela de Newell
Puffinus puffinus_Pardela Pichoneta
Pulsatrix perspicillata_Lechuzón de Anteojos
Purnella albifrons_Mielero Frentiblanco
Pycnonotus aurigaster_Bulbul Ventridorado
Pycnonotus barbatus_Bulbul Naranjero
Pycnonotus cafer_Bulbul Cafre
Pycnonotus goiavier_Bulbul Culiamarillo
Pycnonotus jocosus_Bulbul Orfeo
Pycnonotus leucogenys_Bulbul Cariblanco
Pycnonotus luteolus_Bulbul Cejiblanco
Pycnonotus plumosus_Bulbul Aliverde
Pycnonotus sinensis_Bulbul Chino
Pycnonotus xanthopygos_Bulbul Árabe
Pygochelidon cyanoleuca_Golondrina Barranquera
Pyriglena leucoptera_Ojodefuego Aliblanco
Pyrilia haematotis_Lorito Encapuchado
Pyrocephalus rubinus_Mosquero Cardenal
Pyroderus scutatus_Yacutoro
Pyrrhocorax graculus_Chova Piquigualda
Pyrrhocorax pyrrhocorax_Chova Piquirroja
Pyrrhomyias cinnamomeus_Birro Chico
Pyrrhula pyrrhula_Camachuelo Común
Pyrrhura frontalis_Cotorra Chiripepé
Pyrrhura melanura_Cotorra Colinegra
Querula purpurata_Cotinga Quérula
Quiscalus lugubris_Zanate Caribeño
Quiscalus major_Zanate Marismeño
Quiscalus mexicanus_Zanate Mexicano
Quiscalus quiscula_Zanate Común
Rallus aquaticus_Rascón Europeo
Rallus crepitans_Rascón Crepitante
Rallus elegans_Rascón Elegante
Rallus limicola_Rascón de Virginia
Rallus obsoletus_Rascón de Ridgway
Ramphastos ambiguus_Tucán Pechigualdo
Ramphastos brevis_Tucán del Chocó
Ramphastos dicolorus_Tucán Bicolor
Ramphastos sulfuratus_Tucán Piquiverde
Ramphastos toco_Tucán Toco
Ramphastos tucanus_Tucán Pechiblanco
Ramphastos vitellinus_Tucán Vitelino
Ramphocaenus melanurus_Soterillo Picudo
Ramphocelus bresilius_Tangara Brasileña
Ramphocelus carbo_Tangara Picoplata
Ramphocelus dimidiatus_Tangara Dorsirroja
Ramphocelus flammigerus_Tangara Flamígera
Ramphocelus passerinii_Tangara Terciopelo
Recurvirostra americana_Avoceta Americana
Recurvirostra avosetta_Avoceta Común
Regulus ignicapilla_Reyezuelo Listado
Regulus regulus_Reyezuelo Sencillo
Regulus satrapa_Reyezuelo Sátrapa
Remiz pendulinus_Pájaro Moscón Europeo
Rhipidura albicollis_Abanico Gorjiblanco
Rhipidura albiscapa_Abanico Gris
Rhipidura albogularis_Abanico Pechipinto
Rhipidura aureola_Abanico Cejiblanco
Rhipidura fuliginosa_Abanico Maorí
Rhipidura javanica_Abanico Pío de La Sonda
Rhipidura leucophrys_Abanico Lavandera
Rhipidura rufifrons_Abanico Rojizo
Rhipidura rufiventris_Abanico Norteño
Rhodinocichla rosea_Tangara Rosada
Rhopospina fruticeti_Yal Pechinegro
Rhynchocyclus olivaceus_Picoplano Oliváceo
Rhynchophanes mccownii_Escribano Piquigrueso
Rhynchotus rufescens_Tinamú Alirrojo
Rhytipterna holerythra_Plañidera Rojiza
Rhytipterna simplex_Plañidera Gris
Riparia riparia_Avión Zapador
Rissa tridactyla_Gaviota Tridáctila
Rostrhamus sociabilis_Caracolero Común
Rubigula erythropthalmos_Bulbul de Anteojos
Rubigula flaviventris_Bulbul Crestinegro
Rubigula gularis_Bulbul Gorjinaranja
Rupicola peruvianus_Gallito de Las Rocas Peruano
Rupornis magnirostris_Busardo Caminero
Rynchops niger_Rayador Americano
Sakesphorus canadensis_Batará Crestinegro
Salpinctes obsoletus_Cucarachero Roquero
Saltator atriceps_Pepitero Cabecinegro
Saltator atripennis_Pepitero Alinegro
Saltator aurantiirostris_Pepitero Piquigualdo
Saltator coerulescens_Pepitero Grisáceo (Grupo Coerulescens)
Saltator grandis_Pepitero Grisáceo (Grupo Grandis)
Saltator grossus_Pepitero Pizarroso
Saltator maximus_Pepitero Gorjicanelo
Saltator olivascens_Pepitero Grisáceo (Grupo Olivascens)
Saltator similis_Pepitero Verdoso
Saltator striatipectus_Pepitero Listado
Saxicola caprata_Tarabilla Pía
Saxicola ferreus_Tarabilla Gris
Saxicola rubetra_Tarabilla Norteña
Saxicola rubicola_Tarabilla Europea
Saxicola torquatus_Tarabilla Africana
Sayornis nigricans_Mosquero Negro
Sayornis phoebe_Mosquero Fibí
Sayornis saya_Mosquero Llanero
Scaphiopus couchii_Couch's Spadefoot
Scelorchilus rubecula_Tapaculo Chucao
Schiffornis veraepacis_Llorón de Verapaz
Schiffornis virescens_Llorón Verdoso
Schoeniophylax phryganophilus_Pijuí Chotoy
Schoeniparus brunneus_Fulveta de Gould
Sciaphylax hemimelaena_Hormiguero Colicastaño Sureño
Sciurus carolinensis_Eastern Gray Squirrel
Sclateria naevia_Hormiguero Plateado
Scolopax minor_Chocha Americana
Scolopax rusticola_Chocha Perdiz
Scudderia curvicauda_Curve-tailed Bush Katydid
Scudderia furcata_Fork-tailed Bush Katydid
Scudderia texensis_Texas Bush Katydid
Scytalopus argentifrons_Churrín Plateado
Scytalopus fuscus_Churrín Sombrío
Scytalopus latrans_Churrín Negruzco
Scytalopus magellanicus_Churrín Magallánico
Scytalopus spillmanni_Churrín de Spillmann
Scytalopus vicinior_Churrín de Nariño
Scythrops novaehollandiae_Cuco Tucán
Seiurus aurocapilla_Reinita Hornera
Selasphorus calliope_Colibrí Calíope
Selasphorus platycercus_Colibrí Coliancho
Selasphorus rufus_Colibrí Rufo
Selasphorus sasin_Colibrí de Allen
Semnornis ramphastinus_Cabezón Tucán
Sephanoides sephaniodes_Colibrí Austral
Sericornis frontalis_Sedosito Cejiblanco
Sericornis humilis_Sedosito Pardo
Serinus canaria_Serín Canario
Serinus serinus_Serín Verdecillo
Serpophaga griseicapilla_Piojito de Straneck
Serpophaga subcristata_Piojito Tiquitiqui
Setophaga americana_Parula Norteña
Setophaga caerulescens_Reinita Azulada
Setophaga castanea_Reinita Castaña
Setophaga cerulea_Reinita Cerúlea
Setophaga chrysoparia_Reinita Caridorada
Setophaga citrina_Reinita Encapuchada
Setophaga coronata_Reinita Coronada
Setophaga discolor_Reinita Galana
Setophaga dominica_Reinita Gorjiamarilla
Setophaga fusca_Reinita Gorjinaranja
Setophaga graciae_Reinita de Grace
Setophaga kirtlandii_Reinita de Kirtland
Setophaga magnolia_Reinita de Magnolia
Setophaga nigrescens_Reinita Gris
Setophaga occidentalis_Reinita Cabecigualda
Setophaga palmarum_Reinita Palmera
Setophaga pensylvanica_Reinita de Pensilvania
Setophaga petechia_Reinita de Manglar
Setophaga pinus_Reinita del Pinar
Setophaga pitiayumi_Parula Pitiayumí
Setophaga ruticilla_Candelita Norteña
Setophaga striata_Reinita Estriada
Setophaga tigrina_Reinita Atigrada
Setophaga townsendi_Reinita de Townsend
Setophaga virens_Reinita Dorsiverde
Sialia currucoides_Azulejo Claro
Sialia mexicana_Azulejo Occidental
Sialia sialis_Azulejo Oriental
Sicalis flaveola_Chirigüe Azafranado
Sicalis luteola_Chirigüe Sabanero
Sicalis olivascens_Chirigüe Oliváceo
Sinosuthora webbiana_Picoloro de Webb
Siren_Siren
Sirystes sibilator_Mosquero Silbador
Sitta canadensis_Trepador Canadiense
Sitta carolinensis_Trepador Pechiblanco
Sitta europaea_Trepador Azul
Sitta frontalis_Trepador Piquirrojo
Sitta himalayensis_Trepador del Himalaya
Sitta pusilla_Trepador Cabecipardo
Sitta pygmaea_Trepador Enano
Sittasomus griseicapillus_Trepatroncos Oliváceo
Sittiparus varius_Carbonero Variado
Smicrornis brevirostris_Gerigón Piquicorto
Somateria mollissima_Éider Común
Spatula clypeata_Cuchara Común
Spatula cyanoptera_Cerceta Colorada
Spatula discors_Cerceta Aliazul
Spatula querquedula_Cerceta Carretona
Spea bombifrons_Plains Spadefoot
Sphecotheres vieilloti_Oropéndola de Vieillot
Sphyrapicus nuchalis_Chupasavia Nuquirrojo
Sphyrapicus ruber_Chupasavia Pechirrojo
Sphyrapicus thyroideus_Chupasavia Oscuro
Sphyrapicus varius_Chupasavia Norteño
Spilornis cheela_Culebrera Chiíla
Spinus barbatus_Jilguero Golinegro
Spinus lawrencei_Jilguero de Lawrence
Spinus magellanicus_Jilguero Encapuchado
Spinus pinus_Jilguero de Los Pinos
Spinus psaltria_Jilguero Menor
Spinus spinus_Jilguero Lúgano
Spinus tristis_Jilguero Yanqui
Spinus xanthogastrus_Jilguero Ventriamarillo
Spiza americana_Arrocero
Spizaetus ornatus_Águila Galana
Spizaetus tyrannus_Águila Negra
Spizella atrogularis_Chingolo Barbinegro
Spizella breweri_Chingolo de Brewer
Spizella pallida_Chingolo Pálido
Spizella passerina_Chingolo Cejiblanco
Spizella pusilla_Chingolo Campestre
Spizelloides arborea_Chingolo Arbóreo
Sporophila angolensis_Semillero Curió
Sporophila caerulescens_Semillero Corbatita
Sporophila corvina_Semillero Variable
Sporophila funerea_Semillero Piquigrueso
Sporophila lineola_Semillero Overo
Sporophila luctuosa_Semillero Negriblanco
Sporophila minuta_Semillero Pechirrufo
Sporophila morelleti_Semillero Cuelliblanco
Sporophila nigricollis_Semillero Ventriamarillo
Sporophila torqueola_Semillero Torcaz
Stachyris nigriceps_Timalí Gorjigrís
Stelgidopteryx ruficollis_Golondrina Gorjirrufa
Stelgidopteryx serripennis_Golondrina Aserrada
Stephanophorus diadematus_Tangara Diademada
Stercorarius longicaudus_Págalo Rabero
Stercorarius maccormicki_Págalo Polar
Stercorarius parasiticus_Págalo Parásito
Stercorarius pomarinus_Págalo Pomarino
Sterna aurantia_Charrán Indio
Sterna dougallii_Charrán Rosado
Sterna forsteri_Charrán de Forster
Sterna hirundo_Charrán Común
Sterna paradisaea_Charrán Ártico
Sternula albifrons_Charrancito Común
Sternula antillarum_Charrancito Americano
Stigmatura budytoides_Rabicano Mayor
Stilpnia cayana_Tangara Isabel
Stilpnia larvata_Tangara Cabecidorada
Strepera graculina_Verdugo Pío
Strepera versicolor_Verdugo Cenizo
Streptopelia capicola_Tórtola de El Cabo
Streptopelia chinensis_Tórtola Moteada
Streptopelia decaocto_Tórtola Turca
Streptopelia decipiens_Tórtola Engañosa
Streptopelia orientalis_Tórtola Oriental
Streptopelia semitorquata_Tórtola Ojirroja
Streptopelia senegalensis_Tórtola Senegalesa
Streptopelia turtur_Tórtola Europea
Streptopelia vinacea_Tórtola Vinosa
Streptoprocne zonaris_Vencejo Acollarado
Strix aluco_Cárabo Común
Strix nebulosa_Cárabo Lapón
Strix occidentalis_Cárabo Californiano
Strix varia_Cárabo Norteamericano
Sturnella magna_Pradero Oriental
Sturnella neglecta_Pradero Occidental
Sturnia malabarica_Chestnut-tailed Starling
Sturnia pagodarum_Estornino de Las Pagodas
Sturnus unicolor_Estornino Negro
Sturnus vulgaris_Estornino Pinto
Suiriri suiriri_Fiofío Suirirí
Sula dactylatra_Piquero Enmascarado
Sula leucogaster_Piquero Pardo
Sula sula_Piquero Patirrojo
Surnia ulula_Lechuza Gavilana
Surniculus lugubris_Cuclillo Drongo Colitruncado
Sylvia atricapilla_Curruca Capirotada
Sylvia borin_Curruca Mosquitera
Sylvietta rufescens_Crombec Piquilargo
Sylvietta whytii_Crombec Carirrojo
Sylviorthorhynchus desmursii_Tijeral Colilargo
Symposiachrus trivirgatus_Monarca de Anteojos
Synallaxis albescens_Pijuí Pechiblanco
Synallaxis azarae_Pijuí de Azara
Synallaxis brachyura_Pijuí Pizarroso
Synallaxis erythrothorax_Pijuí Centroamericano
Synallaxis frontalis_Pijuí Frentigrís
Synallaxis gujanensis_Pijuí Coronipardo
Synallaxis ruficapilla_Pijuí Coronirrojo
Synallaxis spixi_Pijuí Plomizo
Synallaxis unirufa_Pijuí Rufo
Syndactyla rufosuperciliata_Ticotico Cejudo
Syndactyla subalaris_Ticotico Rayado
Synoicus ypsilophorus_Codorniz de Tasmania
Syrigma sibilatrix_Garza Chiflona
Systellura longirostris_Chotacabras Serrano
Tachuris rubrigastra_Sietecolores
Tachybaptus dominicus_Zampullín Macacito
Tachybaptus ruficollis_Zampullín Común
Tachycineta bicolor_Golondrina Bicolor
Tachycineta thalassina_Golondrina Verdemar
Tachyphonus coronatus_Tangara Coronada
Tachyphonus delatrii_Tangara de Delattre
Tachyphonus rufus_Tangara Negra
Tadorna ferruginea_Tarro Canelo
Tadorna tadorna_Tarro Blanco
Taenioptynx brodiei_Mochuelo Acollarado
Tamias striatus_Eastern Chipmunk
Tamiasciurus hudsonicus_Red Squirrel
Tangara arthus_Tangara Dorada
Tangara chilensis_Tangara del Paraíso
Tangara gyrola_Tangara Cabecibaya
Tapera naevia_Cuclillo Crespín
Taraba major_Batará Mayor
Tarphonomus certhioides_Bandurrita Chaqueña
Tarsiger cyanurus_Ruiseñor Coliazul
Tchagra australis_Chagra Coroniparda
Tchagra senegalus_Chagra del Senegal
Telophorus sulfureopectus_Bubú Azufrado
Telophorus zeylonus_Bubú Silbón
Tephrodornis pondicerianus_Ceniciento Chico
Terenotriccus erythrurus_Mosquerito Colirrojo
Terenura maculata_Tiluchí Enano
Terpsiphone paradisi_Monarca del Paraíso Indio
Terpsiphone viridis_Monarca Colilargo Africano
Tersina viridis_Tangara Golondrina
Thalasseus bergii_Charrán Piquigualdo
Thalasseus elegans_Charrán Elegante
Thalasseus maximus_Charrán Real Americano
Thalasseus sandvicensis_Charrán Patinegro
Thalurania glaucopis_Zafiro Capirotado
Thamnistes anabatinus_Batará Café
Thamnomanes ardesiacus_Batará Gorjioscuro
Thamnomanes caesius_Batará Cinéreo
Thamnophilus atrinucha_Batará Pizarroso Occidental
Thamnophilus bridgesi_Batará Negruzco
Thamnophilus caerulescens_Batará Variable
Thamnophilus doliatus_Batará Barrado
Thamnophilus multistriatus_Batará Crestibarrado
Thamnophilus murinus_Batará Murino
Thamnophilus palliatus_Batará Dorsicastaño
Thamnophilus ruficapillus_Batará Pardo
Thamnophilus schistaceus_Batará Alillano
Thectocercus acuticaudatus_Aratinga Cabeciazul
Theristicus caerulescens_Bandurria Mora
Theristicus caudatus_Bandurria Común
Theristicus melanopis_Bandurria Austral
Thlypopsis sordida_Tangara Cabecinaranja
Thlypopsis superciliaris_Hemispingo Cejudo
Thraupis abbas_Tangara Aliamarilla
Thraupis episcopus_Tangara Azuleja
Thraupis palmarum_Tangara Palmera
Thraupis sayaca_Tangara Sayaca
Thryomanes bewickii_Cucarachero Colinegro
Thryophilus pleurostictus_Cucarachero Ventribarrado
Thryophilus rufalbus_Cucarachero Rufiblanco
Thryophilus sinaloa_Cucarachero Sinaloense
Thryothorus ludovicianus_Cucarachero de Carolina
Tiaris olivaceus_Semillero Tomeguín
Tigrisoma lineatum_Avetigre Colorada
Tinamus major_Tinamú Oliváceo
Tityra cayana_Titira Colinegro
Tityra semifasciata_Titira Enmascarado
Todiramphus chloris_Alción Acollarado
Todiramphus sanctus_Alción Sagrado
Todirostrum chrysocrotaphum_Titirijí Cejiamarillo
Todirostrum cinereum_Titirijí Común
Todirostrum maculatum_Titirijí Moteado
Todirostrum poliocephalum_Titirijí Cabecigrís
Tolmomyias assimilis_Picoplano Aliamarillo
Tolmomyias flaviventris_Picoplano Pechiamarillo
Tolmomyias poliocephalus_Picoplano Cabecigrís
Tolmomyias sulphurescens_Picoplano Sulfuroso
Toxostoma bendirei_Cuitlacoche Piquicorto
Toxostoma crissale_Cuitlacoche Culirrojo
Toxostoma curvirostre_Cuitlacoche Piquicurvo
Toxostoma lecontei_Cuitlacoche Pálido
Toxostoma longirostre_Cuitlacoche Piquilargo
Toxostoma redivivum_Cuitlacoche Californiano
Toxostoma rufum_Cuitlacoche Rojizo
Trachyphonus darnaudii_Barbudo de D'Arnaud
Trachyphonus vaillantii_Barbudo Crestado
Trichoglossus moluccanus_Lori Arcoiris
Trichothraupis melanops_Tangara de Anteojos
Tringa brevipes_Playero Siberiano
Tringa erythropus_Archibebe Oscuro
Tringa flavipes_Archibebe Patigualdo Chico
Tringa glareola_Andarríos Bastardo
Tringa incana_Playero de Alaska
Tringa melanoleuca_Archibebe Patigualdo Grande
Tringa nebularia_Archibebe Claro
Tringa ochropus_Andarríos Grande
Tringa semipalmata_Playero Aliblanco
Tringa solitaria_Andarríos Solitario
Tringa stagnatilis_Archibebe Fino
Tringa totanus_Archibebe Común
Trochalopteron erythrocephalum_Charlatán Coronicastaño
Trochalopteron lineatum_Charlatán Barrado
Trochalopteron morrisonianum_Charlatán de Morrison
Troglodytes aedon_Chochín Criollo
Troglodytes hiemalis_Chochín Hiemal
Troglodytes ochraceus_Chochín Ocráceo
Troglodytes pacificus_Chochín del Pacífico
Troglodytes rufociliatus_Chochín Cejirrufo
Troglodytes solstitialis_Chochín Montañés
Troglodytes troglodytes_Chochín Paleártico
Trogon caligatus_Trogón Violáceo (Norteño)
Trogon chionurus_Trogón Coliblanco
Trogon collaris_Trogón Acollarado
Trogon curucui_Trogón Curucuí
Trogon elegans_Trogón Elegante
Trogon massena_Trogón Grande
Trogon melanocephalus_Trogón Cabecinegro
Trogon melanurus_Trogón Colinegro Común
Trogon mexicanus_Trogón Mexicano
Trogon personatus_Trogón Enmascarado
Trogon ramonianus_Trogón Amazónico
Trogon rufus_Trogón Amarillo
Trogon surrucura_Trogón Surucuá
Trogon viridis_Trogón Dorsiverde
Tunchiornis ochraceiceps_Verdillo Leonado
Turdoides jardineii_Turdoide de Jardine
Turdus albicollis_Zorzal Cuelliblanco Sureño
Turdus amaurochalinus_Zorzal Chalchalero
Turdus assimilis_Zorzal Cuelliblanco Norteño
Turdus chiguanco_Mirlo Chiguanco
Turdus eunomus_Zorzal Eunomo
Turdus falcklandii_Zorzal Patagón
Turdus flavipes_Mirlo Azulado
Turdus fumigatus_Zorzal Cacao
Turdus fuscater_Mirlo Grande
Turdus grayi_Zorzal Pardo
Turdus hortulorum_Zorzal Dorsigrís
Turdus ignobilis_Zorzal Piquinegro
Turdus iliacus_Zorzal Alirrojo
Turdus leucomelas_Zorzal Sabiá
Turdus libonyana_Zorzal de Kurrichane
Turdus merula_Mirlo Común
Turdus migratorius_Zorzal Americano
Turdus nudigenis_Zorzal Caripelado
Turdus obscurus_Zorzal Rojigrís
Turdus pallidus_Zorzal Pálido
Turdus pelios_Zorzal Africano
Turdus philomelos_Zorzal Común
Turdus pilaris_Zorzal Real
Turdus plebejus_Zorzal Plebeyo
Turdus plumbeus_Zorzal Patirrojo
Turdus rufiventris_Zorzal Colorado
Turdus rufopalliatus_Zorzal Dorsirrufo
Turdus serranus_Mirlo Serrano
Turdus simillimus_Mirlo Indio
Turdus torquatus_Mirlo Capiblanco
Turdus viscivorus_Zorzal Charlo
Turtur chalcospilos_Palomita Aliverde
Turtur tympanistria_Palomita Tamborilera
Tympanuchus cupido_Gallo de Las Praderas Grande
Tympanuchus phasianellus_Gallo de Las Praderas Rabudo
Tyranneutes stolzmanni_Saltarín Enano
Tyrannulus elatus_Mosquerito Coronado
Tyrannus couchii_Tirano Silbador
Tyrannus crassirostris_Tirano Piquigrueso
Tyrannus dominicensis_Tirano Dominicano
Tyrannus forficatus_Tijereta Rosada
Tyrannus melancholicus_Tirano Melancólico
Tyrannus savana_Tijereta Sabanera
Tyrannus tyrannus_Tirano Oriental
Tyrannus verticalis_Tirano Occidental
Tyrannus vociferans_Tirano Gritón
Tyto alba_Lechuza Común
Upucerthia dumetaria_Bandurrita Común
Upupa epops_Abubilla Común
Uraeginthus bengalus_Azulito Carirrojo
Uria aalge_Arao Común
Urocissa erythroryncha_Urraca Piquirroja
Uropsila leucogastra_Cucarachero Ventriblanco
Urosphena squameiceps_Buscarla Colicorta Asiática
Vanellus armatus_Avefría Armada
Vanellus chilensis_Avefría Tero
Vanellus coronatus_Avefría Coronada
Vanellus indicus_Avefría India
Vanellus malabaricus_Avefría Malabar
Vanellus miles_Avefría Militar Norteña
Vanellus resplendens_Avefría Andina
Vanellus spinosus_Avefría Espinosa
Vanellus vanellus_Avefría Europea
Vermivora chrysoptera_Reinita Alidorada
Vermivora cyanoptera_Reinita Aliazul
Vidua macroura_Viuda Colicinta
Vireo altiloquus_Vireo Bigotudo
Vireo atricapilla_Vireo Cabecinegro
Vireo bellii_Vireo de Bell
Vireo cassinii_Vireo de Cassin
Vireo chivi_Vireo Chiví
Vireo crassirostris_Vireo Piquigrueso
Vireo flavifrons_Vireo Gorjiamarillo
Vireo flavoviridis_Vireo Verdiamarillo
Vireo gilvus_Vireo Gorjeador
Vireo griseus_Vireo Ojiblanco
Vireo gundlachii_Vireo Cubano
Vireo huttoni_Vireo de Hutton
Vireo hypochryseus_Vireo Dorado
Vireo leucophrys_Vireo Coronipardo
Vireo olivaceus_Vireo Ojirrojo
Vireo pallens_Vireo de Manglar
Vireo philadelphicus_Vireo de Filadelfia
Vireo plumbeus_Vireo Plomizo
Vireo solitarius_Vireo Solitario
Vireo vicinior_Vireo Gris
Vireolanius leucotis_Vireón Coronigrís
Vireolanius pulchellus_Vireón Esmeralda
Volatinia jacarina_Semillero Volatinero
Xanthocephalus xanthocephalus_Tordo Cabeciamarillo
Xenops minutus_Picolezna Menudo
Xenops rutilans_Picolezna Rojizo
Xenus cinereus_Andarríos del Terek
Xiphocolaptes promeropirhynchus_Trepatroncos Picofuerte
Xiphorhynchus erythropygius_Trepatroncos Manchado
Xiphorhynchus flavigaster_Trepatroncos Picomarfil
Xiphorhynchus fuscus_Trepatroncos Enano
Xiphorhynchus guttatus_Trepatroncos Pegón
Xiphorhynchus lachrymosus_Trepatroncos Pinto
Xiphorhynchus susurrans_Trepatroncos Cacao
Yuhina flavicollis_Yuhina Bigotuda
Yuhina gularis_Yuhina Goliestriada
Zapornia flavirostra_Polluela Negra Africana
Zapornia fusca_Polluela Pechirrufa
Zapornia parva_Polluela Bastarda
Zapornia pusilla_Polluela Chica
Zapornia tabuensis_Polluela de Tongatapu
Zenaida asiatica_Zenaida Aliblanca
Zenaida auriculata_Zenaida Torcaza
Zenaida macroura_Zenaida Huilota
Zenaida meloda_Zenaida Peruana
Zentrygon frenata_Paloma Perdiz Gorjiblanca
Zimmerius chrysops_Mosquerito Caridorado
Zimmerius parvus_Mosquerito Centroamericano
Zonotrichia albicollis_Chingolo Gorjiblanco
Zonotrichia atricapilla_Chingolo Coronidorado
Zonotrichia capensis_Chingolo Común
Zonotrichia leucophrys_Chingolo Coroniblanco
Zonotrichia querula_Chingolo de Harris
Zoothera aurea_Zorzal Dorado
Zosterops japonicus_Anteojitos Japonés
Zosterops lateralis_Anteojitos Dorsigrís
Zosterops palpebrosus_Anteojitos Oriental
Zosterops simplex_Anteojitos de Swinhoe
Zosterops virens_Anteojitos de El Cabo
